date	close	volume	open	high	low
16:00	26.42	"2,103,344"	27.29	27.29	26.37
12/11/2017	26.42	2103344	27.29	27.29	26.37
12/8/2017	27.11	1995575	27.19	27.55	26.96
12/7/2017	26.9	1200894	26.35	27.19	26.11
12/6/2017	26.22	2424149	26.73	26.94	25.56
12/5/2017	26.73	2007140	27.44	28.1	26.67
12/4/2017	27.57	2453071	28.4	28.88	27.515
12/1/2017	28.12	4156049	27.07	28.43	26.74
11/30/2017	27.08	1904153	26.25	27.1	26.1419
11/29/2017	26.1	2285658	27	27.19	25.95
11/28/2017	27.01	2642426	26.43	27.04	26.06
11/27/2017	26.38	2575444	25.99	26.92	25.9
11/24/2017	25.85	879277	26.23	26.56	25.82
11/22/2017	26.13	1526644	26.4	26.7	25.89
11/21/2017	26.05	1786404	25.78	26.18	25.62
11/20/2017	25.65	1760543	26.34	26.43	25.52
11/17/2017	26.38	2203932	25.76	26.52	25.45
11/16/2017	25.83	2900865	24.92	25.91	24.54
11/15/2017	24.75	2792159	24.95	25.1	24.14
11/14/2017	25.11	2375786	25.95	26.24	24.86
11/13/2017	26.05	1543649	25.67	26.2	25.6
11/10/2017	25.85	2049829	25.5	25.88	25.36
11/9/2017	25.75	2816370	26.28	26.3	25.5
11/8/2017	26.4	2108763	26.75	27.05	25.91
11/7/2017	26.59	3334624	27.29	27.4	26.37
11/6/2017	27.38	3484007	26.15	27.5769	26.06
11/3/2017	26.25	3947041	25.25	26.3	25.14
11/2/2017	25.52	6008775	26.52	26.68	25.24
11/1/2017	24.23	4630135	24.95	25.36	24.19
10/31/2017	24.79	4385075	26.31	26.39	24.75
10/30/2017	26.08	4148244	26.75	27.57	25.835
10/27/2017	26.63	2968916	26.01	26.88	25.91
10/26/2017	25.92	4097055	25.46	26.37	25.43
10/25/2017	25.89	2494806	26.59	26.86	25.75
10/24/2017	26.44	3156797	26.91	27.03	26.15
10/23/2017	26.98	2054013	27.47	27.66	26.901
10/20/2017	27.17	2741202	27.31	27.8314	27.06
10/19/2017	27.46	3788304	27.4	28.075	26.81
10/18/2017	27.53	5057234	28.35	28.46	27.38
10/17/2017	28.3	7999076	29.02	30.2	28.25
10/16/2017	29.02	29938980	29.12	32.5	28.45
10/13/2017	24.76	2074161	24.8	24.89	24.46
10/12/2017	24.73	3069752	25.54	25.72	24.72
10/11/2017	25.65	2434626	26	26.12	25.62
10/10/2017	25.94	1669791	25.64	25.965	25.55
10/9/2017	25.66	1739299	25.91	26.04	25.37
10/6/2017	25.71	2525238	25.53	26.19	25.53
10/5/2017	25.73	2948938	25.27	26.2	25.22
10/4/2017	25.26	4190181	24.41	25.5	24.3
10/3/2017	24.41	2349279	24.21	24.42	23.85
10/2/2017	24.28	2817095	24.33	24.53	24.01
9/29/2017	24.23	2956575	24.18	24.44	23.68
9/28/2017	24.23	2518388	23.67	24.49	23.56
9/27/2017	23.75	2714953	23.71	24.27	23.63
9/26/2017	23.59	3287267	23.31	23.97	23.18
9/25/2017	23.35	7332547	24.98	25.1	23.18
9/22/2017	24.47	10832160	27	27.01	24.07
9/21/2017	28.01	1575800	28.22	28.37	27.955
9/20/2017	28.27	3128940	27.9	28.65	27.83
9/19/2017	27.92	2070956	27.53	27.96	27.5101
9/18/2017	27.58	2543802	27.57	28.1332	27.4
9/15/2017	27.57	8048436	27.49	28.12	27.32
9/14/2017	27.24	4036496	26.96	27.55	26.9
9/13/2017	27.11	3092119	26.91	27.535	26.8
9/12/2017	26.95	3291636	26.21	26.95	26.0411
9/11/2017	26.24	4520459	26.58	26.98	25.71
9/8/2017	25.97	4563385	25.49	26.5	25.48
9/7/2017	25.66	10059470	28.05	28.17	24.67
9/6/2017	28.17	2433700	28.41	28.65	28.15
9/5/2017	28.22	2849194	28.85	29.3	27.91
9/1/2017	28.98	2808956	29.45	29.47	28.67
8/31/2017	29.24	3618122	28.48	29.5	28.4
8/30/2017	28.28	3317274	27.56	28.67	27.56
8/29/2017	27.56	2107117	27.08	27.77	26.9342
8/28/2017	27.32	2608711	27.32	27.93	27.1
8/25/2017	27.16	2123582	27.4	27.81	27.1
8/24/2017	27.32	1889431	26.99	27.44	26.77
8/23/2017	26.79	2219861	26.88	27.57	26.78
8/22/2017	27	2571397	26.44	27.06	26.42
8/21/2017	26.37	1893822	26.44	26.83	26.08
8/18/2017	26.33	2497407	26.81	26.92	26.08
8/17/2017	26.88	3070527	26.71	27.09	26.52
8/16/2017	26.78	3126020	27.85	27.9	26.65
8/15/2017	26.91	2535351	26.92	27.16	26.7
8/14/2017	26.74	2139759	26.73	27	26.36
8/11/2017	26.51	2021024	26.49	27.0994	26.32
8/10/2017	26.45	3201483	27.03	27.28	26.42
8/9/2017	27.19	3418375	26.9	27.72	26.71
8/8/2017	27.2	3102076	26.58	27.35	26.29
8/7/2017	26.69	3191134	26.22	26.85	26.11
8/4/2017	26.66	2758945	25.86	26.81	25.81
8/3/2017	25.71	5701630	26.16	27.38	25.41
8/2/2017	26.63	4076071	26.9	27	25.56
8/1/2017	26.47	3667426	27.21	27.34	26.2901
7/31/2017	27.11	2778504	27.63	27.88	26.905
7/28/2017	27.63	2267365	27.01	27.79	26.77
7/27/2017	27.11	3571643	28.11	28.2276	26.4
7/26/2017	28.02	2814796	27.56	28.13	27.5
7/25/2017	27.41	4179034	28.29	28.4496	27.15
7/24/2017	28.11	3825332	27.2	28.14	27.2
7/21/2017	27.23	2193253	26.94	27.2826	26.92
7/20/2017	26.99	4711417	26.88	27.335	26.8
7/19/2017	26.75	4652121	26.3	26.79	26.04
7/18/2017	26.15	4631326	26.18	26.52	25.74
7/17/2017	26.21	2658114	26.89	26.96	26.07
7/14/2017	26.74	6201329	26.86	27.6295	26.42
7/13/2017	26.58	3536230	26.67	26.88	26.03
7/12/2017	26.61	4663288	25.56	26.795	25.3
7/11/2017	25.42	3010881	25.54	25.68	25.085
7/10/2017	25.49	3875074	25.61	25.71	24.835
7/7/2017	25.21	3924111	24.81	25.3	24.66
7/6/2017	24.6	5199746	24.8	25.129	24.23
7/5/2017	24.97	4728298	24.77	25.44	24.5654
7/3/2017	24.75	1905325	24.68	25.18	24.42
6/30/2017	24.63	3974832	24.79	24.85	24.23
6/29/2017	24.64	5571481	24.04	24.82	23.4001
6/28/2017	24.02	4578816	23.66	24.15	23.0801
6/27/2017	23.59	4642111	24.9	25.22	23.57
6/26/2017	24.9	6092097	24.32	25.185	23.81
6/23/2017	23.78	31654250	24.11	24.54	23.78
6/22/2017	24.07	4880718	24.25	24.63	23.5
6/21/2017	24.02	7600717	22.31	24.42	22.31
6/20/2017	22.28	5093705	21.55	22.57	21.5
6/19/2017	21.6	5709185	20	21.63	19.8
6/16/2017	19.26	3677884	19.05	19.5	18.91
6/15/2017	19.24	2026701	19.48	19.65	19.13
6/14/2017	19.67	1951382	20	20.04	19.44
6/13/2017	19.9	2054691	19.79	20.05	19.54
6/12/2017	19.8	4083765	19.27	19.85	18.25
6/9/2017	19.25	3546157	19.78	20.04	18.76
6/8/2017	19.72	3249682	19.31	20.26	19.29
6/7/2017	19.34	2187192	19.13	19.52	19.1
6/6/2017	19.13	2048459	19.01	19.34	18.78
6/5/2017	19.1	2192988	19.08	19.28	18.94
6/2/2017	19.04	2549388	19.15	19.32	18.78
6/1/2017	19.06	2502951	18.72	19.24	18.6
5/31/2017	18.71	4240677	18.5	18.78	18.05
5/30/2017	18.32	5725912	19.3	19.46	18.03
5/26/2017	19.35	2378096	19.55	19.72	19.19
5/25/2017	19.57	2592226	20.2	20.23	19.55
5/24/2017	20.17	3454778	19.84	20.44	19.52
5/23/2017	19.8	3926528	19.34	20.16	19.1524
5/22/2017	19.3	4235100	19.73	20	19.03
5/19/2017	19.68	5866943	21.08	21.39	19.58
5/18/2017	21.03	5081073	19.86	21.11	19.76
5/17/2017	19.86	8702230	21.32	21.33	19.55
5/16/2017	21.56	3582711	21.78	22.03	21.42
5/15/2017	21.7	1929264	21.77	21.903	21.435
5/12/2017	21.61	1962390	21.69	21.75	21.43
5/11/2017	21.72	3316945	22.08	22.25	21.33
5/10/2017	22.11	3163953	21.93	22.25	21.65
5/9/2017	21.84	2680168	21.61	22.1	21.53
5/8/2017	21.56	3590186	21.72	21.97	21.375
5/5/2017	21.69	2538360	22.04	22.04	21.52
5/4/2017	22.04	3159165	22.67	22.84	21.755
5/3/2017	22.52	2608698	23.09	23.19	22.5
5/2/2017	23.16	7594087	24.01	24.85	22.77
5/1/2017	23.15	4782391	22.56	23.4	22.23
4/28/2017	22.4	2468510	22.3	22.51	22.1
4/27/2017	22.24	2247513	22.09	22.39	21.73
4/26/2017	22	2831627	22.08	22.14	21.66
4/25/2017	22.08	3668444	21.59	22.2735	21.45
4/24/2017	21.3	2666163	21.16	21.52	21.14
4/21/2017	20.98	3887573	21.29	21.84	20.945
4/20/2017	21.32	2064072	21.13	21.38	20.91
4/19/2017	21.04	2121351	21.02	21.29	20.8
4/18/2017	20.88	1809144	21.14	21.31	20.51
4/17/2017	21.29	1761944	21.28	21.4	21
4/13/2017	21.29	2927497	20.67	21.7777	20.67
4/12/2017	20.68	2368891	20.85	20.91	20.42
4/11/2017	20.96	2419807	20.31	20.98	20.14
4/10/2017	20.28	1773765	20.74	20.8	20.27
4/7/2017	20.47	2623121	20.35	20.74	20.24
4/6/2017	20.38	3919029	20.5	20.6356	19.63
4/5/2017	20.5	2704383	21.35	21.44	20.46
4/4/2017	21.25	1763442	21.19	21.54	21.06
4/3/2017	21.23	3489373	21.64	21.71	21.04
3/31/2017	21.67	4603398	21.45	21.9	21.3
3/30/2017	21.2	2783589	21.1	21.39	20.87
3/29/2017	21.13	2096294	21.27	21.6	21.11
3/28/2017	21.28	2901159	21.43	21.92	21.2
3/27/2017	21.37	3930855	20.65	21.44	20.3
3/24/2017	20.91	3344198	20.32	21.08	20.31
3/23/2017	20.31	2922568	20.55	20.85	20.29
3/22/2017	20.48	4701229	20.55	20.85	20.02
3/21/2017	20.44	5096959	22.03	22.16	20.43
3/20/2017	22.04	3147689	21.93	22.18	21.53
3/17/2017	22.03	5284784	21.53	22.35	21.5211
3/16/2017	21.87	4365929	22.56	22.75	21.76
3/15/2017	22.8	5370710	21.8	22.96	21.59
3/14/2017	21.74	3352565	21.77	22	21.33
3/13/2017	21.85	4394316	21.63	21.89	21.09
3/10/2017	21.64	5323558	21.98	22.19	21.2238
3/9/2017	22	3698273	21.6	22.36	21.6
3/8/2017	21.825	4880629	22.33	22.91	21.69
3/7/2017	22.24	3595303	22.4	22.73	22.19
3/6/2017	22.73	6330638	23.28	23.28	22.265
3/3/2017	23.08	5749817	21.95	23.235	21.95
3/2/2017	21.99	5957290	21.86	22.8	21.75
3/1/2017	21.93	6656954	21.77	22.63	21.74
2/28/2017	21.53	9228627	21.7	22.53	21.25
2/27/2017	23.09	8188761	21.82	23.4	21.82
2/24/2017	21.69	4524023	21.71	22.03	21.31
2/23/2017	21.74	5852574	22.72	22.75	21.47
2/22/2017	22.62	3505073	23.1	23.23	22.525
2/21/2017	23.11	3934132	23.28	23.49	22.94
2/17/2017	23.12	5004488	22.48	23.29	22.4
2/16/2017	22.65	5601644	22.1	22.95	22.068
2/15/2017	22.1	5045131	22	22.13	21.58
2/14/2017	22.02	4796758	21.35	22.13	21.15
2/13/2017	21.3	4424885	22.21	22.49	21.26
2/10/2017	22.08	6804790	22.89	23.02	21.95
2/9/2017	22.5	8092966	21.57	22.65	21.45
2/8/2017	21.61	10401210	20.47	22.02	19.98
2/7/2017	20.57	6699649	20.14	20.91	19.91
2/6/2017	20.03	5678016	20.16	20.43	19.37
2/3/2017	20.26	9780945	18.79	20.75	18.74
2/2/2017	18.69	4092825	18.75	18.91	18.44
2/1/2017	18.82	5830529	18.23	18.9385	18.14
1/31/2017	18.12	9884821	17.65	18.135	16.72
1/30/2017	18.28	5023763	18.54	18.54	17.75
1/27/2017	18.57	2990794	18.48	18.7573	18.31
1/26/2017	18.5	3483376	18.43	18.84	18.25
1/25/2017	18.43	3792385	18.6	18.63	18.15
1/24/2017	18.53	4161502	18.27	18.55	17.86
1/23/2017	18.29	4206732	17.92	18.63	17.8648
1/20/2017	17.92	3070157	17.92	18.03	17.64
1/19/2017	17.9	2473063	17.92	18.06	17.65
1/18/2017	18.02	3318977	17.82	18.225	17.79
1/17/2017	17.79	4363016	18.33	18.44	17.76
1/13/2017	18.51	5339429	18.8	19.3	18.43
1/12/2017	18.82	5074894	18.19	19.06	17.8
1/11/2017	18.23	10750380	18.91	19.2	17.47
1/10/2017	18.91	9327287	17.5	18.92	17.39
1/9/2017	17.58	11497680	16.02	17.7	15.6
1/6/2017	15.32	5370832	15.05	15.39	14.94
1/5/2017	14.99	3511408	15.25	15.34	14.9
1/4/2017	15.3	4612675	14.78	15.405	14.51
1/3/2017	14.73	4964997	15.14	15.33	14.22
12/30/2016	14.91	3494813	14.94	15.15	14.8325
12/29/2016	14.88	3001786	15.25	15.33	14.84
12/28/2016	15.22	2843183	15.7	15.7299	15.19
12/27/2016	15.7	3049568	15.44	15.8	15.3213
12/23/2016	15.41	4267894	14.93	15.41	14.87
12/22/2016	14.94	11251540	16.32	16.43	14.63
12/21/2016	16.32	2640643	16.77	16.77	16.28
12/20/2016	16.56	4796970	16.44	16.73	16.27
12/19/2016	16.29	3336430	16.78	16.79	16.22
12/16/2016	16.79	10903720	16.81	17.22	16.64
12/15/2016	16.73	5039300	16.26	16.835	16.11
12/14/2016	16.32	4545196	16.17	16.54	16.101
12/13/2016	16.16	4101124	16.58	16.72	16.12
12/12/2016	16.44	4085592	16.74	16.7556	16.1501
12/9/2016	16.84	4835380	17	17.25	16.73
12/8/2016	16.91	4577112	16.8	17.03	16.2
12/7/2016	16.61	10051280	18.23	18.23	16.425
12/6/2016	18.25	6637164	18.12	18.29	17.78
12/5/2016	17.83	5734927	17.63	18	17.43
12/2/2016	17.37	6883836	16.52	17.74	16.42
12/1/2016	16.52	4537922	17	17.0446	16.37
11/30/2016	16.92	6084695	17.01	17.13	16.73
11/29/2016	16.99	6760327	16.53	17.35	16.37
11/28/2016	16.49	4390702	16.96	17.09	16.45
11/25/2016	17	2528292	16.5	17.175	16.4401
11/23/2016	16.49	4963146	15.97	16.78	15.57
11/22/2016	16.25	9039277	17.24	17.39	15.97
11/21/2016	17.17	5120272	16.9	17.29	16.82
11/18/2016	16.96	6563743	16.75	16.975	16.53
11/17/2016	16.75	6142892	16.51	16.92	15.46
11/16/2016	16.625	6307136	16.25	16.92	15.9
11/15/2016	16.55	8749937	16.76	16.92	16.335
11/14/2016	16.76	7897028	16.4	17	16.01
11/11/2016	16.4	9294819	15.55	16.59	15.32
11/10/2016	15.74	11527950	15.23	15.78	14.86
11/9/2016	15.02	15346690	13.15	15.11	13.09
11/8/2016	12.47	5721161	12.28	12.72	12.08
11/7/2016	12.36	8081608	12.4	12.4	12.04
11/4/2016	11.91	11365960	10.9	11.91	10.65
11/3/2016	10.2	7853010	11.04	11.07	10.04
11/2/2016	10.81	5829194	10.93	10.98	10.38
11/1/2016	10.98	4648076	10.57	11.13	10.41
10/31/2016	10.59	3314981	10.86	10.88	10.53
10/28/2016	10.88	3653955	10.85	11.32	10.62
10/27/2016	10.92	3907047	11.29	11.4	10.83
10/26/2016	11.18	3002498	11.19	11.63	11.06
10/25/2016	11.3	3214265	11.24	11.5	11.07
10/24/2016	11.29	4170287	11.56	11.65	11.27
10/21/2016	11.56	3693623	11.6	11.76	11.45
10/20/2016	11.74	3538926	11.51	11.74	11.368
10/19/2016	11.52	2775286	11.7	11.78	11.472
10/18/2016	11.67	3246254	11.74	11.95	11.57
10/17/2016	11.51	6556174	11.28	11.805	11.21
10/14/2016	11.32	6417312	11.97	12.0809	11.31
10/13/2016	11.91	5581502	11.45	12.085	11.39
10/12/2016	11.93	7428732	12.54	12.77	11.835
10/11/2016	12.69	8368719	12.94	12.94	12.13
10/10/2016	12.61	18775930	13.02	13.64	11.28
10/7/2016	12.95	8098982	13.33	13.3389	12.33
10/6/2016	13.18	6323037	13.12	13.355	12.74
10/5/2016	13.12	6961761	12.37	13.17	12.21
10/4/2016	12.44	5270051	12.75	12.97	12.32
10/3/2016	12.72	5557432	12.99	12.99	12.43
9/30/2016	12.79	9286850	12.44	12.99	12.13
9/29/2016	12.28	17034720	12.98	13	11.711
9/28/2016	13.35	28025200	15.57	15.58	12.07
9/27/2016	15.48	5825440	15.33	15.48	15.22
9/26/2016	15.31	6767838	15	15.46	14.88
9/23/2016	14.89	5491502	14.74	14.97	14.71
9/22/2016	14.74	7540068	14.76	15	14.6
9/21/2016	14.74	11767940	14.72	14.95	14.17
9/20/2016	14.16	6094855	13.8	14.2763	13.7
9/19/2016	13.64	5582940	13.62	13.95	13.51
9/16/2016	13.55	8470382	13.3	13.665	13.1
9/15/2016	13.34	5676033	12.93	13.49	12.93
9/14/2016	13.01	7454740	12.63	13.1885	12.62
9/13/2016	12.31	4917110	12.33	12.48	12.16
9/12/2016	12.4	4565851	11.81	12.4	11.7
9/9/2016	11.98	4537073	12.19	12.29	11.98
9/8/2016	12.35	4244732	12.01	12.44	11.8
9/7/2016	11.92	3754700	11.86	12.15	11.771
9/6/2016	12.08	6608911	11.8	12.22	11.6133
9/2/2016	11.54	3516598	11.4	11.61	11.38
9/1/2016	11.35	3869528	11.13	11.37	11.05
8/31/2016	11.15	3599743	11.05	11.19	10.91
8/30/2016	11.04	3608800	10.96	11.1	10.899
8/29/2016	10.98	4162786	11.02	11.029	10.66
8/26/2016	10.96	4638672	10.94	11.07	10.705
8/25/2016	10.91	6177530	10.91	11.175	10.67
8/24/2016	10.87	8266546	11.64	11.74	10.81
8/23/2016	11.61	5241520	11.46	11.7	11.424
8/22/2016	11.44	7373040	10.95	11.45	10.88
8/19/2016	11	3457198	10.92	11.17	10.84
8/18/2016	10.97	5197052	10.65	11.12	10.61
8/17/2016	10.62	3036489	10.54	10.64	10.35
8/16/2016	10.53	2502818	10.72	10.77	10.53
8/15/2016	10.76	2633347	10.71	10.82	10.6
8/12/2016	10.66	2505582	10.62	10.715	10.54
8/11/2016	10.66	3437594	10.43	10.8	10.31
8/10/2016	10.37	7553302	10.87	10.93	10.28
8/9/2016	10.87	7034019	10.95	10.99	10.74
8/8/2016	10.93	5434080	11.14	11.2	10.84
8/5/2016	11.17	8781667	11.15	11.465	10.58
8/4/2016	11.07	22363880	10.03	11.66	10.02
8/3/2016	9.39	7360451	9.12	9.4	9
8/2/2016	9.15	5015326	9.31	9.34	9
8/1/2016	9.27	5901817	9.17	9.39	9.11
7/29/2016	9.18	8709372	8.96	9.205	8.91
7/28/2016	8.95	4343989	8.76	9	8.75
7/27/2016	8.76	4750302	8.66	8.88	8.66
7/26/2016	8.64	7302338	8.69	8.76	8.58
7/25/2016	8.71	2738337	8.68	8.76	8.61
7/22/2016	8.68	2951647	8.67	8.745	8.62
7/21/2016	8.59	3480398	8.56	8.74	8.4701
7/20/2016	8.53	2222059	8.36	8.55	8.31
7/19/2016	8.37	3699149	8.35	8.47	8.3
7/18/2016	8.42	3729795	8.36	8.47	8.33
7/15/2016	8.44	6085374	8.29	8.48	8.185
7/14/2016	8.22	6264764	8.11	8.26	7.97
7/13/2016	8.04	2702564	8.17	8.2	8
7/12/2016	8.135	3387880	8.2	8.27	8.13
7/11/2016	8.15	4115588	8.18	8.28	8.14
7/8/2016	8.15	7061379	8.14	8.205	7.95
7/7/2016	8.14	4363592	8.2	8.21	8.06
7/6/2016	8.14	5871358	8	8.15	7.93
7/5/2016	8.05	5272447	8.13	8.205	8.01
7/1/2016	8.17	21333330	7.85	8.19	7.81
6/30/2016	7.81	14507080	7.79	7.87	7.71
6/29/2016	7.8	6261065	7.9	7.9	7.6338
6/28/2016	7.78	6642321	7.52	7.815	7.52
6/27/2016	7.45	5809235	7.65	7.79	7.43
6/24/2016	7.69	11568670	7.33	7.86	7.2
6/23/2016	7.85	4314832	7.83	7.88	7.74
6/22/2016	7.74	6520913	7.67	7.86	7.64
6/21/2016	7.67	8726799	7.72	7.78	7.5
6/20/2016	7.66	4615070	7.65	7.745	7.61
6/17/2016	7.6	11616000	7.57	7.75	7.51
6/16/2016	7.55	4988815	7.32	7.57	7.27
6/15/2016	7.38	4196584	7.36	7.48	7.335
6/14/2016	7.33	6745474	7.33	7.45	7.2
6/13/2016	7.38	4987817	7.31	7.44	7.25
6/10/2016	7.38	5735269	7.25	7.44	7.15
6/9/2016	7.37	10242860	7.24	7.49	7.16
6/8/2016	7.26	4910909	7.1	7.3	6.92
6/7/2016	7.12	4055326	7.3	7.32	7.07
6/6/2016	7.33	16780510	6.79	7.34	6.76
6/3/2016	6.59	3883356	6.75	6.75	6.4
6/2/2016	6.76	5666611	6.47	6.8	6.46
6/1/2016	6.48	3615995	6.45	6.525	6.39
5/31/2016	6.49	5404931	6.4	6.63	6.37
5/27/2016	6.34	2953867	6.34	6.35	6.21
5/26/2016	6.3	5493877	6.23	6.38	6.16
5/25/2016	6.23	5006645	6.2	6.38	6.17
5/24/2016	6.15	5880097	6.1	6.19	6.025
5/23/2016	6	10176040	5.81	6.135	5.7
5/20/2016	5.56	3184277	5.39	5.58	5.36
5/19/2016	5.37	2615500	5.35	5.505	5.255
5/18/2016	5.35	4513677	5.24	5.44	5.14
5/17/2016	5.24	4696966	5.49	5.53	5.2
5/16/2016	5.49	6473127	5.58	5.62	5.33
5/13/2016	5.61	11492150	5.21	5.65	5.21
5/12/2016	5.19	6772123	5.02	5.26	4.95
5/11/2016	4.895	3523417	5.02	5.05	4.87
5/10/2016	5.04	4725447	5	5.1	4.95
5/9/2016	4.95	8633138	4.82	5.09	4.725
5/6/2016	4.79	4546419	4.66	4.88	4.65
5/5/2016	4.69	6258602	4.29	4.77	4.25
5/4/2016	4.33	4905305	4.65	4.685	4.32
5/3/2016	4.67	4810274	4.77	4.78	4.63
5/2/2016	4.82	4862798	4.63	4.82	4.55
4/29/2016	4.61	3531215	4.51	4.685	4.51
4/28/2016	4.54	2976036	4.5	4.7	4.41
4/27/2016	4.56	4508117	4.75	4.76	4.45
4/26/2016	4.68	16041860	5	5.18	4.655
4/25/2016	4.66	9367938	4.42	4.8	4.365
4/22/2016	4.41	3883085	4.52	4.58	4.25
4/21/2016	4.52	3323832	4.24	4.52	4.24
4/20/2016	4.29	2694552	4.29	4.36	4.23
4/19/2016	4.29	3687284	4.4	4.43	4.24
4/18/2016	4.4	1854011	4.32	4.43	4.26
4/15/2016	4.35	1629118	4.38	4.4199	4.2139
4/14/2016	4.39	1770355	4.42	4.48	4.36
4/13/2016	4.41	2584713	4.38	4.41	4.305
4/12/2016	4.34	5750457	4.33	4.4	4.255
4/11/2016	4.3	2678383	4.26	4.35	4.185
4/8/2016	4.25	2919633	4.33	4.345	4.15
4/7/2016	4.26	4543062	4.38	4.42	4.155
4/6/2016	4.46	3605153	4.23	4.47	4.21
4/5/2016	4.26	3152349	4.19	4.3	4.12
4/4/2016	4.26	5054503	4.19	4.3401	4.11
4/1/2016	4.05	1979633	3.95	4.08	3.9
3/31/2016	4	2967898	3.95	4.08	3.88
3/30/2016	3.9	2089913	3.97	4.12	3.87
3/29/2016	3.93	2779239	3.69	3.93	3.637
3/28/2016	3.76	3044024	4.04	4.065	3.75
3/24/2016	4.04	2966725	3.92	4.08	3.78
3/23/2016	3.97	5374340	4.04	4.095	3.91
3/22/2016	4.09	3647873	3.82	4.09	3.78
3/21/2016	3.86	4534851	3.85	3.99	3.8
3/18/2016	3.87	6112270	3.78	3.9199	3.66
3/17/2016	3.76	6839213	3.67	3.82	3.55
3/16/2016	3.69	2657638	3.79	3.85	3.66
3/15/2016	3.78	5537809	4.2	4.2	3.78
3/14/2016	4.22	3528650	4.01	4.25	4.01
3/11/2016	4.04	3587833	3.84	4.05	3.84
3/10/2016	3.82	3930281	3.9	4.04	3.8
3/9/2016	3.89	3400028	3.92	4.04	3.85
3/8/2016	3.87	5186386	4.32	4.33	3.87
3/7/2016	4.32	4337286	4.06	4.39	4.02
3/4/2016	4.11	6923091	3.96	4.25	3.87
3/3/2016	3.86	8531830	3.85	4	3.81
3/2/2016	3.87	10625160	3.91	4.11	3.84
3/1/2016	3.83	17221990	4.23	4.25	3.77
2/29/2016	3.64	4379830	3.82	3.86	3.64
2/26/2016	3.85	2509527	3.82	3.9	3.73
2/25/2016	3.82	2503492	3.87	3.965	3.78
2/24/2016	3.87	3188085	3.8	3.9	3.68
2/23/2016	3.88	2807969	4.03	4.08	3.88
2/22/2016	4.08	2483286	4.18	4.19	4.04
2/19/2016	4.09	4235736	4.04	4.09	3.98
2/18/2016	4.07	3499716	4.4	4.4107	4.07
2/17/2016	4.41	4592608	4.43	4.43	4.245
2/16/2016	4.22	6496997	4.26	4.36	4.13
2/12/2016	4.2	4811332	4.33	4.33	4.01
2/11/2016	4.2	7003695	4.13	4.25	3.98
2/10/2016	4.23	3537881	4.32	4.5	4.23
2/9/2016	4.24	6830555	4.12	4.46	4
2/8/2016	4.25	4463698	4.46	4.5	4.22
2/5/2016	4.54	5855312	4.79	4.79	4.46
2/4/2016	4.75	4619472	4.3	4.78	4.24
2/3/2016	4.43	3680139	4.45	4.59	4.21
2/2/2016	4.43	3245278	4.49	4.62	4.36
2/1/2016	4.55	6369844	4.6	4.88	4.33
1/29/2016	4.62	4903316	4.2	4.63	4.1675
1/28/2016	4.18	4226627	4.51	4.5384	4.12
1/27/2016	4.3	3764444	4.64	4.66	4.26
1/26/2016	4.65	3863124	4.66	4.75	4.37
1/25/2016	4.65	4526042	4.55	4.85	4.45
1/22/2016	4.59	3325586	4.52	4.6	4.32
1/21/2016	4.37	3027000	4.43	4.62	4.24
1/20/2016	4.5	7750946	4.01	4.57	3.62
1/19/2016	4.15	5615589	4.38	4.46	4.095
1/15/2016	4.23	5424656	4.2	4.4499	4.15
1/14/2016	4.48	4820982	4.2	4.56	4.1
1/13/2016	4.17	4624942	4.6	4.65	4.15
1/12/2016	4.56	5788021	4.71	4.86	4.3
1/11/2016	4.64	5463471	4.95	4.99	4.4
1/8/2016	4.895	3544573	4.98	5.05	4.84
1/7/2016	4.93	4612401	5.14	5.19	4.87
1/6/2016	5.29	4140092	5.16	5.435	5.14
1/5/2016	5.265	10929720	5.82	5.85	5.25
1/4/2016	5.49	3618394	5.5	5.58	5.41
12/31/2015	5.64	3728030	5.65	5.78	5.5999
12/30/2015	5.65	2989434	5.68	5.84	5.62
12/29/2015	5.71	2623172	5.47	5.71	5.45
12/28/2015	5.465	3017415	5.24	5.5	5.2
12/24/2015	5.29	1606976	5.5	5.55	5.28
12/23/2015	5.51	6168963	5.02	5.58	5.02
12/22/2015	4.99	2527443	4.99	5.04	4.905
12/21/2015	4.98	2603194	5.01	5.06	4.9
12/18/2015	4.99	6995004	5	5.049	4.9
12/17/2015	5.03	3119022	5.09	5.14	4.9
12/16/2015	5.09	5116165	4.91	5.1	4.84
12/15/2015	4.89	4153680	4.89	4.97	4.77
12/14/2015	4.88	5912263	4.88	5.02	4.7
12/11/2015	4.79	4320885	4.91	5.02	4.73
12/10/2015	5.02	3115305	4.8	5.02	4.75
12/9/2015	4.81	4712989	5.08	5.12	4.8
12/8/2015	5.14	3422284	5.11	5.23	5.04
12/7/2015	5.16	3549705	5.35	5.43	5.15
12/4/2015	5.4	4251565	5.3	5.44	5.18
12/3/2015	5.36	5413825	5.68	5.68	5.28
12/2/2015	5.64	2092582	5.73	5.8	5.63
12/1/2015	5.76	6444005	5.73	5.79	5.52
11/30/2015	5.72	4335047	5.55	5.75	5.478
11/27/2015	5.47	2120645	5.5	5.57	5.31
11/25/2015	5.49	2948791	5.49	5.64	5.42
11/24/2015	5.5	3461001	5.54	5.59	5.45
11/23/2015	5.55	3115491	5.55	5.645	5.41
11/20/2015	5.45	3707989	5.54	5.65	5.43
11/19/2015	5.58	2137479	5.8	5.82	5.56
11/18/2015	5.8	7344258	5.64	5.81	5.51
11/17/2015	5.64	4191304	5.48	5.71	5.43
11/16/2015	5.48	3546516	5.43	5.51	5.3
11/13/2015	5.4	3091308	5.42	5.55	5.38
11/12/2015	5.415	4574413	5.76	5.76	5.4
11/11/2015	5.74	6879545	6.05	6.1	5.6805
11/10/2015	6.33	8434789	6.06	6.42	5.83
11/9/2015	6.1	3504077	6.25	6.25	6.03
11/6/2015	6.225	3300734	6.12	6.24	6
11/5/2015	6.14	2444333	6.24	6.25	6.05
11/4/2015	6.21	2336193	6.2	6.29	6.1
11/3/2015	6.19	3283916	6.16	6.29	6.08
11/2/2015	6.15	4595724	6.02	6.24	6.02
10/30/2015	6.02	3202870	5.96	6.08	5.88
10/29/2015	5.88	4285468	6.07	6.23	5.88
10/28/2015	6.07	4567785	5.87	6.07	5.78
10/27/2015	5.86	2204938	5.76	5.92	5.72
10/26/2015	5.805	2387545	5.74	5.93	5.66
10/23/2015	5.79	3887210	5.65	5.81	5.61
10/22/2015	5.57	2875723	5.53	5.67	5.4
10/21/2015	5.49	4888967	5.53	5.58	5.25
10/20/2015	5.52	4319746	5.75	5.7975	5.51
10/19/2015	5.8	3064280	5.8	5.87	5.6
10/16/2015	5.8	3211443	5.75	5.87	5.68
10/15/2015	5.75	3142279	5.58	5.75	5.49
10/14/2015	5.6	3531950	5.56	5.7	5.45
10/13/2015	5.53	4831131	5.75	5.8	5.53
10/12/2015	5.78	3322196	6	6	5.75
10/9/2015	5.985	2921351	5.84	5.99	5.76
10/8/2015	5.85	3401072	5.88	5.93	5.65
10/7/2015	5.91	4978404	5.82	5.97	5.55
10/6/2015	5.78	6679035	6.06	6.1	5.56
10/5/2015	5.9	4253057	5.98	6.07	5.68
10/2/2015	5.91	4530065	5.62	5.91	5.55
10/1/2015	5.73	5655790	5.65	5.76	5.4
9/30/2015	5.61	7423319	5.75	5.93	5.45
9/29/2015	5.59	6127093	5.76	6.08	5.48
9/28/2015	5.66	9362454	5.85	5.89	5.47
9/25/2015	5.91	7334571	6.35	6.38	5.84
9/24/2015	6.2	6470727	6.16	6.41	6.01
9/23/2015	6.25	4440094	6.29	6.33	6.09
9/22/2015	6.24	6045589	6.28	6.33	6.01
9/21/2015	6.4	7989898	6.6	6.6299	6.1299
9/18/2015	6.53	17296040	6.15	6.77	6.12
9/17/2015	6.22	5581754	6.19	6.28	6.06
9/16/2015	6.21	7105461	6.22	6.3	6.05
9/15/2015	6.21	6353743	5.92	6.21	5.86
9/14/2015	5.93	2904968	5.91	5.95	5.8099
9/11/2015	5.91	2534086	5.86	5.92	5.76
9/10/2015	5.87	3742821	5.7	5.9	5.66
9/9/2015	5.755	3626547	6.02	6.065	5.72
9/8/2015	5.94	4946267	5.78	6	5.67
9/4/2015	5.64	2915002	5.5	5.7443	5.46
9/3/2015	5.56	5134919	5.94	5.99	5.54
9/2/2015	5.9	5853073	5.67	5.9	5.56
9/1/2015	5.6	10045180	5.75	5.85	5.47
8/31/2015	5.95	10117190	6.04	6.15	5.92
8/28/2015	6.05	4763159	6.05	6.17	5.96
8/27/2015	6.09	11476500	6	6.23	5.73
8/26/2015	5.64	6018064	5.47	5.64	5.1
8/25/2015	5.22	5314981	5.71	5.72	5.175
8/24/2015	5.08	8364574	4.81	5.63	4.56
8/21/2015	5.25	10379310	5.27	5.4	4.89
8/20/2015	5.4	5319450	5.59	5.65	5.39
8/19/2015	5.72	4445147	5.69	5.81	5.5
8/18/2015	5.72	3523228	6.01	6.04	5.71
8/17/2015	6.05	2730060	5.82	6.05	5.73
8/14/2015	5.82	3339445	5.89	5.95	5.67
8/13/2015	5.91	5526590	5.9	6.25	5.88
8/12/2015	5.85	6177067	5.66	5.935	5.46
8/11/2015	5.72	4475230	5.94	5.94	5.6
8/10/2015	5.98	4747374	6	6.2	5.93
8/7/2015	5.9	5101801	5.91	5.9897	5.65
8/6/2015	5.89	7381582	6.3	6.4	5.84
8/5/2015	6.28	9727011	6.69	6.805	6.22
8/4/2015	6.62	14557820	6.25	6.6699	6.25
8/3/2015	6.12	6477737	5.77	6.309	5.76
7/31/2015	5.73	7379689	5.52	6.12	5.5098
7/30/2015	5.54	3477103	5.53	5.65	5.4535
7/29/2015	5.6	5961206	5.47	5.75	5.38
7/28/2015	5.41	5542472	5.48	5.61	5.36
7/27/2015	5.44	6601940	5.5	5.58	5.27
7/24/2015	5.59	19408810	5.75	5.87	5.44
7/23/2015	5.88	13779170	6.32	6.35	5.76
7/22/2015	6.31	22844320	5.67	6.38	5.6
7/21/2015	6.05	22294600	5.6	6.08	5.52
7/20/2015	5.88	74497750	5.57	5.96	5.36
7/17/2015	3.91	3023765	3.89	3.95	3.82
7/16/2015	3.87	2297650	3.76	3.88	3.7
7/15/2015	3.66	2824328	3.81	3.86	3.63
7/14/2015	3.78	3599849	3.75	3.92	3.71
7/13/2015	3.79	1881892	3.78	3.85	3.72
7/10/2015	3.68	1929679	3.47	3.69	3.4601
7/9/2015	3.43	1510523	3.39	3.51	3.38
7/8/2015	3.33	1965186	3.39	3.47	3.315
7/7/2015	3.51	1677937	3.55	3.55	3.365
7/6/2015	3.51	2275247	3.37	3.52	3.31
7/2/2015	3.44	1867752	3.48	3.48	3.335
7/1/2015	3.49	4620270	3.6	3.71	3.38
6/30/2015	3.76	2747194	3.58	3.77	3.56
6/29/2015	3.54	2651874	3.62	3.698	3.54
6/26/2015	3.77	6433413	3.8	3.8	3.51
6/25/2015	3.82	2298415	3.85	3.915	3.75
6/24/2015	3.84	2889783	4.05	4.114	3.81
6/23/2015	4.03	4646259	3.99	4.18	3.9674
6/22/2015	3.93	3803124	3.84	3.94	3.69
6/19/2015	3.84	6909408	3.57	3.85	3.5
6/18/2015	3.57	2747808	3.56	3.635	3.515
6/17/2015	3.53	1435574	3.51	3.53	3.46
6/16/2015	3.47	1659080	3.43	3.54	3.4204
6/15/2015	3.45	2819379	3.56	3.6	3.41
6/12/2015	3.56	2261373	3.53	3.6	3.45
6/11/2015	3.52	2061868	3.49	3.54	3.46
6/10/2015	3.45	1807630	3.39	3.47	3.33
6/9/2015	3.39	1695998	3.51	3.52	3.35
6/8/2015	3.48	2275299	3.35	3.55	3.35
6/5/2015	3.35	1207417	3.26	3.35	3.24
6/4/2015	3.28	2255063	3.25	3.29	3.18
6/3/2015	3.24	2605651	3.36	3.39	3.18
6/2/2015	3.34	2105164	3.45	3.48	3.32
6/1/2015	3.44	5186650	3.48	3.55	3.29
5/29/2015	3.15	1626402	3.19	3.22	3.13
5/28/2015	3.13	3375639	3.29	3.3	3.1
5/27/2015	3.29	2670103	3.15	3.3	3.11
5/26/2015	3.15	1504465	3.15	3.22	3.08
5/22/2015	3.15	2159956	3.14	3.16	3.04
5/21/2015	3.14	2067773	3.19	3.24	3.08
5/20/2015	3.18	2535616	3.18	3.235	3.1
5/19/2015	3.21	2729526	3.34	3.36	3.18
5/18/2015	3.34	2368757	3.33	3.44	3.25
5/15/2015	3.37	4978397	3.48	3.48	3.2
5/14/2015	3.47	6231077	3.73	3.74	3.46
5/13/2015	3.65	7888162	3.7	3.92	3.61
5/12/2015	3.68	5448730	3.35	3.76	3.26
5/11/2015	3.4	4324765	3.5	3.56	3.39
5/8/2015	3.43	13447610	3.15	3.62	3.14
5/7/2015	3.11	4863765	2.92	3.12	2.84
5/6/2015	2.95	2882450	2.9	2.95	2.83
5/5/2015	2.86	2597360	2.94	2.955	2.8
5/4/2015	2.94	4012613	2.85	2.99	2.79
5/1/2015	2.83	4774421	2.77	2.93	2.72
4/30/2015	2.57	4964302	2.7	2.75	2.51
4/29/2015	2.74	2653280	2.75	2.85	2.7045
4/28/2015	2.76	2418322	2.83	2.9	2.65
4/27/2015	2.83	3308914	3.1	3.11	2.77
4/24/2015	3.08	1453651	3.09	3.135	3.07
4/23/2015	3.1	2075050	3.12	3.15	3.08
4/22/2015	3.12	3111157	3.11	3.17	3.06
4/21/2015	3.07	1734797	3.19	3.19	3.06
4/20/2015	3.15	1807773	3.15	3.18	3.05
4/17/2015	3.11	1719492	3.1	3.14	3.03
4/16/2015	3.1	1879608	3.11	3.19	3.055
4/15/2015	3.11	2973220	3.27	3.29	3.1
4/14/2015	3.22	4872747	3.17	3.3	3.15
4/13/2015	3.14	2255312	3.06	3.16	3.01
4/10/2015	3.04	3038524	3.1	3.1	2.98
4/9/2015	3.01	8749460	3.1	3.24	2.91
4/8/2015	2.85	1612607	2.81	2.86	2.7874
4/7/2015	2.81	2715493	2.72	2.85	2.71
4/6/2015	2.74	1764145	2.67	2.79	2.66
4/2/2015	2.66	902270	2.62	2.68	2.5699
4/1/2015	2.6	1619730	2.55	2.635	2.52
3/31/2015	2.57	1801286	2.72	2.72	2.57
3/30/2015	2.7	1868718	2.6	2.7	2.54
3/27/2015	2.54	1983226	2.49	2.55	2.47
3/26/2015	2.49	2667414	2.54	2.6	2.45
3/25/2015	2.57	2969168	2.76	2.76	2.51
3/24/2015	2.74	2546861	2.89	2.9	2.73
3/23/2015	2.88	1973502	2.8	2.89	2.7
3/20/2015	2.82	12719460	2.85	2.99	2.745
3/19/2015	2.84	1568385	2.73	2.84	2.73
3/18/2015	2.75	2926025	2.66	2.81	2.61
3/17/2015	2.7	1734626	2.62	2.7	2.6
3/16/2015	2.64	2620423	2.64	2.7	2.59
3/13/2015	2.64	2435086	2.66	2.75	2.62
3/12/2015	2.69	5327912	2.95	2.95	2.61
3/11/2015	2.93	3692312	3.05	3.06	2.91
3/10/2015	3.03	3130723	3.01	3.11	2.96
3/9/2015	3.08	2192959	3.06	3.09	2.97
3/6/2015	3.04	2592499	3.08	3.12	3.02
3/5/2015	3.11	3041343	3.09	3.16	3
3/4/2015	3.05	3310630	2.98	3.1	2.97
3/3/2015	3	3734886	3.09	3.16	2.96
3/2/2015	3.09	4467090	2.97	3.1	2.93
2/27/2015	2.93	5726341	2.93	3	2.83
2/26/2015	2.93	6088120	2.7	2.94	2.63
2/25/2015	2.69	5294581	2.5	2.75	2.5
2/24/2015	2.69	6813132	2.72	2.77	2.59
2/23/2015	2.75	4721432	2.71	2.78	2.67
2/20/2015	2.74	6165344	2.9	2.91	2.73
2/19/2015	2.82	8669192	2.95	2.99	2.75
2/18/2015	2.73	6906576	2.76	2.78	2.5
2/17/2015	2.67	7653334	2.5	2.71	2.47
2/13/2015	2.48	7201468	2.26	2.52	2.25
2/12/2015	2.28	4813700	2.18	2.33	2.16
2/11/2015	2.16	8479586	2.24	2.42	2.1
2/10/2015	2.19	8204568	1.92	2.21	1.89
2/9/2015	1.89	2305451	1.91	1.99	1.86
2/6/2015	1.91	3214707	1.9	2.005	1.88
2/5/2015	1.9	2305736	1.87	1.96	1.86
2/4/2015	1.85	2424218	1.91	1.91	1.8
2/3/2015	1.91	3897662	1.85	1.93	1.81
2/2/2015	1.83	2882205	1.95	1.95	1.8
1/30/2015	1.87	3252161	1.95	1.97	1.811
1/29/2015	1.97	6131874	2.05	2.11	1.87
1/28/2015	2.04	13451190	1.79	2.08	1.79
1/27/2015	1.78	1093033	1.73	1.79	1.71
1/26/2015	1.72	1729176	1.63	1.73	1.61
1/23/2015	1.63	1764705	1.6	1.65	1.6
1/22/2015	1.62	1647988	1.64	1.66	1.6
1/21/2015	1.64	1513537	1.72	1.74	1.62
1/20/2015	1.73	1854655	1.65	1.73	1.61
1/16/2015	1.66	1529108	1.63	1.72	1.61
1/15/2015	1.645	1395843	1.65	1.765	1.62
1/14/2015	1.67	987209	1.63	1.755	1.63
1/13/2015	1.65	1501168	1.67	1.73	1.61
1/12/2015	1.65	2127955	1.79	1.8	1.63
1/9/2015	1.76	2085822	1.82	1.824	1.7
1/8/2015	1.79	9785347	1.67	1.98	1.67
1/7/2015	1.63	1407375	1.6	1.63	1.595
1/6/2015	1.58	1687215	1.64	1.64	1.56
1/5/2015	1.63	2290484	1.67	1.7	1.5435
1/2/2015	1.65	5256481	1.47	1.7	1.46
12/31/2014	1.44	2927074	1.33	1.48	1.32
12/30/2014	1.35	3471171	1.33	1.38	1.32
12/29/2014	1.35	2776171	1.3	1.36	1.3
12/26/2014	1.33	1666097	1.27	1.34	1.26
12/24/2014	1.29	803742	1.3	1.31	1.27
12/23/2014	1.3	2501624	1.3	1.33	1.26
12/22/2014	1.3	2827973	1.32	1.33	1.28
12/19/2014	1.33	12186750	1.39	1.42	1.32
12/18/2014	1.35	4013128	1.38	1.41	1.3
12/17/2014	1.36	4195619	1.31	1.37	1.29
12/16/2014	1.31	1960649	1.35	1.4	1.31
12/15/2014	1.36	2165484	1.44	1.44	1.35
12/12/2014	1.4	874500	1.37	1.41	1.36
12/11/2014	1.4	1440470	1.37	1.41	1.34
12/10/2014	1.35	1674598	1.41	1.42	1.34
12/9/2014	1.39	2205815	1.28	1.43	1.28
12/8/2014	1.32	3869722	1.4	1.4	1.28
12/5/2014	1.41	1908418	1.45	1.47	1.4
12/4/2014	1.46	912942	1.43	1.5	1.43
12/3/2014	1.5	1881009	1.43	1.51	1.43
12/2/2014	1.45	4737658	1.46	1.52	1.43
12/1/2014	1.49	8212239	1.65	1.65	1.39
11/28/2014	1.66	929178	1.75	1.76	1.66
11/26/2014	1.76	1090735	1.72	1.76	1.68
11/25/2014	1.72	1218280	1.72	1.74	1.68
11/24/2014	1.73	1335276	1.75	1.77	1.7
11/21/2014	1.76	1504644	1.78	1.78	1.69
11/20/2014	1.74	1310594	1.69	1.77	1.65
11/19/2014	1.7	1592808	1.69	1.73	1.63
11/18/2014	1.74	1320110	1.78	1.8	1.72
11/17/2014	1.76	978750	1.75	1.78	1.71
11/14/2014	1.73	1517461	1.79	1.8	1.71
11/13/2014	1.76	2112320	1.82	1.88	1.76
11/12/2014	1.81	2868857	1.77	1.82	1.7
11/11/2014	1.77	2036333	1.79	1.82	1.76
11/10/2014	1.79	2810983	1.75	1.81	1.73
11/7/2014	1.74	1977908	1.66	1.75	1.65
11/6/2014	1.67	1746833	1.74	1.75	1.66
11/5/2014	1.7	5678444	1.72	1.83	1.67
11/4/2014	1.65	2240941	1.69	1.72	1.61
11/3/2014	1.7	2345596	1.69	1.715	1.66
10/31/2014	1.7	2006838	1.75	1.77	1.68
10/30/2014	1.72	1647796	1.69	1.72	1.64
10/29/2014	1.7	1629655	1.73	1.75	1.7
10/28/2014	1.75	2130491	1.69	1.76	1.6725
10/27/2014	1.7	2412914	1.67	1.72	1.63
10/24/2014	1.69	2071591	1.64	1.7	1.5905
10/23/2014	1.64	1480613	1.6	1.64	1.59
10/22/2014	1.59	1280920	1.6	1.62	1.57
10/21/2014	1.6	1224158	1.65	1.65	1.57
10/20/2014	1.65	1339929	1.53	1.65	1.53
10/17/2014	1.575	1287799	1.68	1.68	1.55
10/16/2014	1.62	2022713	1.53	1.65	1.51
10/15/2014	1.55	2003558	1.5	1.57	1.45
10/14/2014	1.52	1565791	1.49	1.53	1.45
10/13/2014	1.46	2387878	1.44	1.51	1.35
10/10/2014	1.45	2853743	1.55	1.5799	1.45
10/9/2014	1.55	3021687	1.55	1.59	1.52
10/8/2014	1.55	2371644	1.51	1.55	1.48
10/7/2014	1.52	3639938	1.5	1.61	1.49
10/6/2014	1.52	2265882	1.5	1.53	1.5
10/3/2014	1.52	2017066	1.52	1.54	1.5
10/2/2014	1.51	4405254	1.52	1.5275	1.48
10/1/2014	1.51	5015630	1.58	1.63	1.48
9/30/2014	1.53	4158326	1.6	1.61	1.52
9/29/2014	1.59	13160210	1.8	1.8	1.58
9/26/2014	1.56	6107801	1.56	1.5798	1.51
9/25/2014	1.55	4413063	1.6	1.61	1.55
9/24/2014	1.59	4854926	1.58	1.6301	1.57
9/23/2014	1.57	6524199	1.65	1.67	1.55
9/22/2014	1.65	2087814	1.75	1.75	1.65
9/19/2014	1.7	7159991	1.71	1.74	1.68
9/18/2014	1.72	2125640	1.72	1.75	1.7
9/17/2014	1.7	3012555	1.63	1.72	1.62
9/16/2014	1.62	7889054	1.75	1.75	1.6
9/15/2014	1.74	4564221	1.85	1.855	1.74
9/12/2014	1.87	3642139	1.92	1.93	1.85
9/11/2014	1.91	2890188	1.89	1.95	1.88
9/10/2014	1.89	3919348	1.86	1.9101	1.84
9/9/2014	1.86	4001065	1.85	1.92	1.85
9/8/2014	1.86	3227931	1.89	1.89	1.84
9/5/2014	1.85	5458802	1.85	1.89	1.84
9/4/2014	1.85	9458344	1.9	1.91	1.85
9/3/2014	1.9	17254520	1.85	1.94	1.85
9/2/2014	1.85	43219730	1.92	2.0603	1.84
8/29/2014	4.14	1392489	4.06	4.14	4.03
8/28/2014	4.04	2095823	4.1	4.16	4.03
8/27/2014	4.12	1894404	4.16	4.195	4.08
8/26/2014	4.15	2122808	4.11	4.2	4.11
8/25/2014	4.1	2062769	4.15	4.23	4.08
8/22/2014	4.11	995051	4.09	4.14	4.06
8/21/2014	4.09	1328791	4.1	4.18	4.05
8/20/2014	4.11	1221484	4.11	4.1699	4.08
8/19/2014	4.13	2625790	4.28	4.28	4.08
8/18/2014	4.25	2162350	4.24	4.31	4.15
8/15/2014	4.2	2053049	4.29	4.32	4.12
8/14/2014	4.24	1436218	4.2	4.28	4.17
8/13/2014	4.24	1706888	4.16	4.27	4.15
8/12/2014	4.15	1346896	4.22	4.23	4.14
8/11/2014	4.23	1741823	4.24	4.32	4.16
8/8/2014	4.21	2890869	4.1	4.27	4.06
8/7/2014	4.1	2093329	4.09	4.1799	4.03
8/6/2014	4.09	1969080	4.1	4.16	4.05
8/5/2014	4.13	2192482	4.09	4.18	4.03
8/4/2014	4.11	2442034	4.24	4.24	4.04
8/1/2014	4.19	5247557	4.12	4.26	3.98
7/31/2014	4.03	5026146	4.22	4.22	4
7/30/2014	4.27	2519012	4.33	4.43	4.24
7/29/2014	4.33	4018731	4.4	4.44	4.16
7/28/2014	4.4	10312280	4.2	4.55	4.08
7/25/2014	4.19	6988268	4.1	4.3	4.07
7/24/2014	4.21	11798500	3.8	4.21	3.7523
7/23/2014	3.78	5732603	3.65	3.79	3.61
7/22/2014	3.59	2999285	3.62	3.72	3.55
7/21/2014	3.58	3102301	3.48	3.629	3.4
7/18/2014	3.5	4294631	3.46	3.55	3.42
7/17/2014	3.43	7297888	3.6	3.63	3.4
7/16/2014	3.65	4785911	3.7	3.8	3.61
7/15/2014	3.6599	16951490	4.08	4.1	3.64
7/14/2014	4.09	38126270	3.68	4.14	3.45
7/11/2014	3.325	1728824	3.25	3.395	3.25
7/10/2014	3.25	2027391	3.26	3.33	3.22
7/9/2014	3.33	1754741	3.4	3.4	3.28
7/8/2014	3.34	2825015	3.43	3.45	3.3
7/7/2014	3.42	2699129	3.61	3.63	3.4
7/3/2014	3.51	1438648	3.63	3.64	3.45
7/2/2014	3.6	4918850	3.48	3.65	3.44
7/1/2014	3.44	8587141	3.4	3.48	3.35
6/30/2014	3.39	2776549	3.5	3.51	3.38
6/27/2014	3.47	3931807	3.51	3.58	3.39
6/26/2014	3.54	2819914	3.66	3.67	3.505
6/25/2014	3.65	1633649	3.61	3.7	3.55
6/24/2014	3.64	2144477	3.69	3.78	3.62
6/23/2014	3.68	1783819	3.73	3.8	3.65
6/20/2014	3.71	4813677	3.64	3.77	3.58
6/19/2014	3.64	993942	3.65	3.68	3.58
6/18/2014	3.65	1466543	3.64	3.6781	3.53
6/17/2014	3.63	3411851	3.54	3.71	3.51
6/16/2014	3.56	2038509	3.5	3.605	3.47
6/13/2014	3.5	1973896	3.48	3.57	3.4514
6/12/2014	3.45	3030247	3.48	3.61	3.41
6/11/2014	3.46	1369193	3.5	3.55	3.38
6/10/2014	3.54	2279065	3.5	3.58	3.415
6/9/2014	3.51	3669257	3.3	3.51	3.28
6/6/2014	3.31	1660935	3.37	3.37	3.255
6/5/2014	3.28	3191274	3.28	3.35	3.25
6/4/2014	3.24	1890551	3.21	3.26	3.18
6/3/2014	3.23	2173721	3.27	3.28	3.21
6/2/2014	3.26	2648831	3.31	3.37	3.23
5/30/2014	3.31	2385361	3.4	3.45	3.27
5/29/2014	3.38	1425265	3.4	3.4599	3.35
5/28/2014	3.39	2082772	3.45	3.49	3.35
5/27/2014	3.43	2274893	3.45	3.55	3.38
5/23/2014	3.44	1351434	3.38	3.44	3.33
5/22/2014	3.37	2041030	3.29	3.4	3.25
5/21/2014	3.27	1798137	3.29	3.35	3.23
5/20/2014	3.285	2336966	3.39	3.4	3.26
5/19/2014	3.38	1507405	3.3	3.42	3.28
5/16/2014	3.33	1697047	3.42	3.42	3.27
5/15/2014	3.43	1795427	3.35	3.45	3.3
5/14/2014	3.4	1917972	3.45	3.53	3.31
5/13/2014	3.44	1733199	3.57	3.57	3.411
5/12/2014	3.56	2542188	3.45	3.571	3.43
5/9/2014	3.45	3316958	3.36	3.46	3.23
5/8/2014	3.39	2991218	3.42	3.52	3.38
5/7/2014	3.4	3556518	3.3	3.41	3.15
5/6/2014	3.26	2821455	3.33	3.38	3.22
5/5/2014	3.35	2211343	3.34	3.405	3.26
5/2/2014	3.32	5801318	3.5	3.51	3.21
5/1/2014	3.52	4038653	3.57	3.63	3.47
4/30/2014	3.54	3570673	3.4	3.57	3.39
4/29/2014	3.38	3637700	3.37	3.425	3.32
4/28/2014	3.32	3697806	3.37	3.39	3.2
4/25/2014	3.26	3051982	3.35	3.39	3.26
4/24/2014	3.405	2641552	3.46	3.49	3.3
4/23/2014	3.45	4036864	3.59	3.6	3.39
4/22/2014	3.58	4187173	3.37	3.59	3.37
4/21/2014	3.35	3387074	3.33	3.39	3.2
4/17/2014	3.29	2688098	3.28	3.44	3.2589
4/16/2014	3.32	6959989	3.23	3.33	3.169
4/15/2014	3.22	9548811	3.34	3.35	3.02
4/14/2014	3.32	5346864	3.45	3.4699	3.23
4/11/2014	3.37	5925799	3.51	3.59	3.35
4/10/2014	3.56	5288094	3.82	3.82	3.55
4/9/2014	3.8	4461608	3.77	3.84	3.7
4/8/2014	3.73	3893451	3.67	3.75	3.6
4/7/2014	3.62	5339420	3.65	3.729	3.53
4/4/2014	3.62	9418266	3.74	3.75	3.5
4/3/2014	3.58	4755527	3.7	3.73	3.53
4/2/2014	3.69	5544170	3.72	3.77	3.65
4/1/2014	3.67	7167891	3.67	3.72	3.58
3/31/2014	3.54	15531860	3.43	3.65	3.43
3/28/2014	3.38	22900700	3.9	3.91	3.37
3/27/2014	3.86	10725630	4.07	4.08	3.85
3/26/2014	3.905	54403870	4.46	4.5	3.87
3/25/2014	6.44	5342119	6.61	6.66	6.23
3/24/2014	6.27	3369511	6.2	6.36	6.06
3/21/2014	6.29	4100150	6.51	6.61	6.18
3/20/2014	6.5	2338222	6.38	6.5	6.25
3/19/2014	6.4	1842609	6.28	6.47	6.23
3/18/2014	6.29	1206878	6.17	6.36	6.15
3/17/2014	6.14	1450909	6.0416	6.35	6.0416
3/14/2014	6.27	1856331	6.1	6.305	6.05
3/13/2014	6.13	2780688	6.28	6.35	6.1
3/12/2014	6.27	5091269	6.35	6.5	6.14
3/11/2014	6.39	7097270	6.66	6.78	6.36
3/10/2014	6.67	2963185	6.76	6.84	6.61
3/7/2014	6.79	2491130	6.98	6.99	6.66
3/6/2014	6.9	3135897	7.4	7.4	6.85
3/5/2014	7.39	1737563	7.39	7.58	7.33
3/4/2014	7.38	2487603	7.24	7.51	7.17
3/3/2014	7.17	1855524	6.94	7.19	6.8
2/28/2014	7.06	3071798	7.33	7.48	6.935
2/27/2014	7.3	2089365	7.28	7.35	7.18
2/26/2014	7.28	4577026	7.05	7.41	6.97
2/25/2014	7.04	1838242	6.9	7.07	6.9
2/24/2014	6.93	1737854	7.03	7.12	6.9
2/21/2014	7.02	5244950	6.96	7.13	6.38
2/20/2014	7.16	2732647	7.16	7.26	6.9726
2/19/2014	7.18	2199944	7.24	7.32	7.1
2/18/2014	7.28	1923573	7.27	7.34	7.21
2/14/2014	7.21	1606531	7.29	7.49	7.15
2/13/2014	7.28	1745212	7.18	7.37	7.1102
2/12/2014	7.28	3568609	7.27	7.37	7.1667
2/11/2014	7.26	1615365	7.31	7.43	7.1904
2/10/2014	7.27	2850504	7.16	7.39	7.021
2/7/2014	7.2	3229354	6.58	7.23	6.55
2/6/2014	6.6	2043768	6.54	6.6697	6.45
2/5/2014	6.54	2941238	6.6	6.63	6.28
2/4/2014	6.62	2103662	6.55	6.729	6.4877
2/3/2014	6.53	2717961	6.88	6.9	6.49
1/31/2014	6.88	2659663	6.88	7.02	6.78
1/30/2014	7.02	4509788	6.96	7.24	6.93
1/29/2014	6.92	3323206	7.04	7.1	6.84
1/28/2014	6.96	8423209	6.93	7.22	6.8104
1/27/2014	7.1	5999181	7.61	7.64	6.85
1/24/2014	7.64	8227872	7.94	8.09	7.62
1/23/2014	8.01	18667640	8.18	8.26	7.83
1/22/2014	8.04	5970900	8.28	8.41	7.94
1/21/2014	8.24	2609043	8.18	8.34	7.94
1/17/2014	8.08	1627626	8.14	8.23	8.04
1/16/2014	8.15	1991380	7.98	8.175	7.86
1/15/2014	8.07	4116306	8.37	8.38	7.8
1/14/2014	8.21	4908862	7.95	8.33	7.93
1/13/2014	7.92	4621514	7.47	7.97	7.38
1/10/2014	7.44	3336582	7.27	7.51	7.12
1/9/2014	7.19	3955267	7.01	7.22	6.9425
1/8/2014	7	2916754	6.86	7.2	6.83
1/7/2014	6.845	5114031	6.94	7.27	6.83
1/6/2014	6.81	6300373	6.38	6.835	6.24
1/3/2014	6.13	941720	6.18	6.2899	6.12
1/2/2014	6.18	1747769	6.15	6.31	6.01
12/31/2013	6.13	1348585	5.96	6.2	5.91
12/30/2013	5.95	900008	5.96	5.99	5.83
12/27/2013	5.93	591369	6.02	6.05	5.9
12/26/2013	6.02	1014611	5.99	6.09	5.94
12/24/2013	5.98	409712	5.95	6.02	5.93
12/23/2013	5.97	1262257	5.89	6.14	5.89
12/20/2013	5.86	3096819	5.84	5.935	5.6
12/19/2013	5.8	1299213	5.61	5.83	5.61
12/18/2013	5.63	2019412	5.69	5.73	5.5
12/17/2013	5.66	1111334	5.74	5.755	5.54
12/16/2013	5.72	1237548	5.89	5.91	5.685
12/13/2013	5.82	921009	5.84	5.895	5.69
12/12/2013	5.82	912952	5.71	5.89	5.7
12/11/2013	5.73	1588210	5.96	5.96	5.635
12/10/2013	5.87	1668347	6	6.025	5.85
12/9/2013	5.995	3324387	5.86	6	5.86
12/6/2013	5.85	983782	5.9	5.95	5.79
12/5/2013	5.82	640280	5.84	5.93	5.82
12/4/2013	5.85	797924	5.84	5.91	5.62
12/3/2013	5.88	1134465	5.84	5.94	5.79
12/2/2013	5.84	1783361	5.83	5.95	5.8
11/29/2013	5.83	779371	5.68	5.9	5.65
11/27/2013	5.63	2505735	5.78	5.82	5.59
11/26/2013	5.78	996681	5.78	5.81	5.7
11/25/2013	5.75	2753477	5.67	5.82	5.61
11/22/2013	5.61	940230	5.62	5.685	5.5509
11/21/2013	5.58	1760838	5.3	5.585	5.29
11/20/2013	5.27	657834	5.32	5.4	5.25
11/19/2013	5.28	652193	5.27	5.34	5.21
11/18/2013	5.29	1480393	5.29	5.425	5.2227
11/15/2013	5.29	1482828	5.34	5.37	5.24
11/14/2013	5.34	1465532	5.21	5.37	5.14
11/13/2013	5.19	1420538	4.95	5.19	4.92
11/12/2013	4.97	1453921	5.24	5.35	4.9
11/11/2013	5	1466530	5.11	5.11	4.95
11/8/2013	4.995	1547006	4.72	5.09	4.72
11/7/2013	4.73	1471131	4.82	4.87	4.66
11/6/2013	4.79	1242749	4.97	4.99	4.78
11/5/2013	4.95	893189	4.89	4.97	4.8
11/4/2013	4.895	1550056	4.99	5.06	4.89
11/1/2013	4.97	2923896	4.89	4.98	4.86
10/31/2013	4.93	2725939	5.11	5.11	4.785
10/30/2013	5.075	3162448	5.33	5.42	5.03
10/29/2013	5.335	2417778	5.42	5.49	5.33
10/28/2013	5.39	1295001	5.35	5.41	5.31
10/25/2013	5.35	1290564	5.42	5.44	5.32
10/24/2013	5.39	2653507	5.48	5.5	5.37
10/23/2013	5.45	936788	5.31	5.5	5.3
10/22/2013	5.345	1032386	5.33	5.4193	5.3
10/21/2013	5.33	1397809	5.39	5.45	5.26
10/18/2013	5.39	1300637	5.5	5.51	5.315
10/17/2013	5.42	1607836	5.41	5.5	5.3598
10/16/2013	5.43	1175872	5.27	5.435	5.24
10/15/2013	5.24	1244862	5.35	5.44	5.22
10/14/2013	5.34	1915908	5.27	5.34	5.2
10/11/2013	5.295	2231744	5.31	5.41	5.25
10/10/2013	5.28	1690858	5.26	5.37	5.22
10/9/2013	5.21	2526995	5.26	5.34	5.1
10/8/2013	5.25	2540786	5.53	5.57	5.23
10/7/2013	5.55	1567852	5.72	5.73	5.505
10/4/2013	5.77	843354	5.73	5.88	5.72
10/3/2013	5.75	2033688	5.87	5.9	5.62
10/2/2013	5.89	1786132	5.91	5.95	5.86
10/1/2013	5.92	2249434	5.84	5.92	5.781
9/30/2013	5.82	2544306	5.72	5.96	5.72
9/27/2013	5.78	1067885	5.76	5.83	5.75
9/26/2013	5.79	3683477	5.7	5.88	5.6401
9/25/2013	5.65	4865840	5.61	5.73	5.56
9/24/2013	5.61	2116652	5.67	5.72	5.595
9/23/2013	5.67	2725283	5.7	5.74	5.57
9/20/2013	5.68	6116095	5.62	5.73	5.57
9/19/2013	5.61	2159344	5.51	5.62	5.4505
9/18/2013	5.51	2549924	5.4	5.525	5.32
9/17/2013	5.38	642620	5.29	5.4	5.27
9/16/2013	5.31	1194478	5.41	5.435	5.29
9/13/2013	5.35	2626449	5.41	5.41	5.29
9/12/2013	5.39	700518	5.43	5.49	5.355
9/11/2013	5.43	1076899	5.59	5.62	5.4031
9/10/2013	5.585	2013484	5.6	5.64	5.46
9/9/2013	5.49	1944211	5.45	5.59	5.42
9/6/2013	5.41	1508147	5.39	5.47	5.31
9/5/2013	5.365	1203465	5.42	5.55	5.32
9/4/2013	5.415	4669119	5.23	5.43	5.22
9/3/2013	5.24	2412196	5.13	5.31	5.11
8/30/2013	5.01	1792367	5.16	5.22	4.98
8/29/2013	5.155	1444770	5.04	5.22	5.04
8/28/2013	5.025	1077233	4.97	5.075	4.91
8/27/2013	4.99	918993	5.11	5.17	4.99
8/26/2013	5.15	1260622	5.14	5.25	5.11
8/23/2013	5.16	745632	5.16	5.17	5.12
8/22/2013	5.16	631743	5.11	5.18	5.05
8/21/2013	5.08	1147119	5.06	5.2	5.05
8/20/2013	5.08	1150278	4.87	5.1	4.87
8/19/2013	4.88	1745201	4.9	5.05	4.88
8/16/2013	4.91	963799	4.79	4.95	4.79
8/15/2013	4.81	903141	4.82	4.92	4.8
8/14/2013	4.88	660001	4.89	4.93	4.82
8/13/2013	4.89	516669	4.93	4.98	4.86
8/12/2013	4.92	737714	4.93	4.94	4.87
8/9/2013	4.95	664078	4.91	5.02	4.88
8/8/2013	4.94	1276045	5.03	5.07	4.88
8/7/2013	4.98	3654547	5.07	5.2	4.71
8/6/2013	5.11	1244447	5.19	5.25	5.08
8/5/2013	5.21	1158850	5.26	5.3	5.175
8/2/2013	5.25	4449415	5.2	5.38	5.2
8/1/2013	5.18	1168680	5.09	5.18	5.01
7/31/2013	5.06	1893938	5.07	5.1	4.97
7/30/2013	5.05	1479551	4.84	5.05	4.8
7/29/2013	4.81	1037922	4.89	4.89	4.76
7/26/2013	4.9	3205946	5.1	5.11	4.89
7/25/2013	5.16	1715325	5.14	5.17	5
7/24/2013	5.16	2923574	5.48	5.51	5.12
7/23/2013	5.44	5285402	5.5	5.55	5.375
7/22/2013	5.49	3083897	5.43	5.51	5.4
7/19/2013	5.44	3359656	5.26	5.48	5.2
7/18/2013	5.27	5955231	5.127	5.27	5.085
7/17/2013	5.09	2046870	5.03	5.175	5.0199
7/16/2013	5.01	2190971	4.99	5.045	4.96
7/15/2013	4.97	1487381	4.93	5	4.88
7/12/2013	4.91	1693335	4.9	4.98	4.86
7/11/2013	4.88	1855789	4.88	4.91	4.83
7/10/2013	4.82	667219	4.76	4.85	4.75
7/9/2013	4.78	716957	4.86	4.89	4.74
7/8/2013	4.84	969919	4.89	4.9	4.79
7/5/2013	4.88	2249016	4.75	4.89	4.71
7/3/2013	4.66	437549	4.7	4.74	4.65
7/2/2013	4.71	962697	4.65	4.72	4.63
7/1/2013	4.66	1386028	4.62	4.75	4.58
6/28/2013	4.54	1370764	4.47	4.6	4.43
6/27/2013	4.47	933499	4.52	4.53	4.44
6/26/2013	4.42	1069493	4.5	4.53	4.41
6/25/2013	4.46	1166956	4.51	4.53	4.39
6/24/2013	4.45	1736309	4.5	4.57	4.36
6/21/2013	4.51	4275602	4.59	4.62	4.5
6/20/2013	4.56	2364046	4.7	4.71	4.52
6/19/2013	4.72	1047176	4.8	4.84	4.71
6/18/2013	4.82	1902097	4.68	4.82	4.61
6/17/2013	4.67	1136945	4.73	4.75	4.59
6/14/2013	4.7	762384	4.65	4.76	4.65
6/13/2013	4.67	1670067	4.61	4.71	4.58
6/12/2013	4.62	1016733	4.83	4.83	4.61
6/11/2013	4.77	753799	4.74	4.84	4.65
6/10/2013	4.8	615673	4.8	4.81	4.6901
6/7/2013	4.79	1005322	4.79	4.81	4.74
6/6/2013	4.76	1398175	4.58	4.76	4.56
6/5/2013	4.59	1957665	4.65	4.7	4.56
6/4/2013	4.67	1202616	4.79	4.83	4.6101
6/3/2013	4.8	2046419	4.92	4.93	4.52
5/31/2013	4.84	2029142	4.78	4.98	4.74
5/30/2013	4.82	769211	4.72	4.82	4.69
5/29/2013	4.71	925322	4.71	4.82	4.68
5/28/2013	4.77	1166868	4.7	4.83	4.68
5/24/2013	4.74	773512	4.77	4.8	4.67
5/23/2013	4.77	1167025	4.53	4.78	4.51
5/22/2013	4.58	1293199	4.63	4.755	4.51
5/21/2013	4.61	920200	4.5	4.63	4.5
5/20/2013	4.49	1679370	4.55	4.65	4.46
5/17/2013	4.55	1370311	4.57	4.61	4.53
5/16/2013	4.55	1866149	4.67	4.7427	4.51
5/15/2013	4.7	2232133	4.86	4.8699	4.7
5/14/2013	4.86	3426951	4.87	4.92	4.8
5/13/2013	4.85	1855993	4.85	4.86	4.775
5/10/2013	4.85	1201056	4.84	4.95	4.83
5/9/2013	4.82	709088	4.94	4.97	4.81
5/8/2013	4.93	1430621	4.67	4.94	4.65
5/7/2013	4.59	1066466	4.64	4.658	4.575
5/6/2013	4.64	616287	4.68	4.7	4.6
5/3/2013	4.69	957124	4.78	4.85	4.69
5/2/2013	4.69	2424574	4.76	4.85	4.62
5/1/2013	4.74	1931846	5.18	5.19	4.73
4/30/2013	5.19	2268324	5.21	5.3	5.15
4/29/2013	5.19	2033345	5.27	5.27	5.14
4/26/2013	5.22	1270229	5.2	5.26	5.11
4/25/2013	5.24	1142580	5.2	5.25	5.14
4/24/2013	5.16	1778164	5.19	5.21	5.01
4/23/2013	5.21	2936690	5.05	5.23	5.04
4/22/2013	5.04	2096584	4.86	5.08	4.84
4/19/2013	4.84	745874	4.73	4.85	4.71
4/18/2013	4.74	1276550	4.85	4.8799	4.65
4/17/2013	4.84	1597573	4.98	5	4.76
4/16/2013	5.015	1301020	4.9	5.04	4.82
4/15/2013	4.84	1763469	4.96	5.04	4.82
4/12/2013	5.02	1870128	4.91	5.04	4.89
4/11/2013	4.93	1718327	4.8	4.97	4.78
4/10/2013	4.8	1664696	4.53	4.8	4.52
4/9/2013	4.51	836684	4.65	4.65	4.49
4/8/2013	4.62	1093292	4.46	4.65	4.36
4/5/2013	4.42	1019524	4.35	4.43	4.33
4/4/2013	4.4	741100	4.46	4.47	4.35
4/3/2013	4.44	1481313	4.53	4.6	4.39
4/2/2013	4.53	740600	4.59	4.65	4.52
4/1/2013	4.56	1152922	4.6	4.62	4.5
3/28/2013	4.62	932924	4.62	4.68	4.5
3/27/2013	4.59	957902	4.5	4.61	4.41
3/26/2013	4.55	943745	4.66	4.66	4.45
3/25/2013	4.64	749438	4.66	4.67	4.55
3/22/2013	4.65	643324	4.56	4.65	4.51
3/21/2013	4.56	820896	4.61	4.64	4.55
3/20/2013	4.63	413814	4.67	4.68	4.61
3/19/2013	4.64	939570	4.68	4.68	4.59
3/18/2013	4.68	1103757	4.57	4.69	4.54
3/15/2013	4.61	3577150	4.75	4.75	4.6
3/14/2013	4.75	881661	4.77	4.77	4.66
3/13/2013	4.74	719277	4.73	4.7899	4.67
3/12/2013	4.74	716714	4.7	4.77	4.625
3/11/2013	4.7	809020	4.79	4.81	4.68
3/8/2013	4.8	1172322	4.78	4.84	4.7399
3/7/2013	4.72	731794	4.72	4.771	4.69
3/6/2013	4.73	682958	4.8	4.81	4.68
3/5/2013	4.77	1752366	4.59	4.78	4.57
3/4/2013	4.54	1280139	4.51	4.61	4.47
3/1/2013	4.54	818058	4.55	4.57	4.48
2/28/2013	4.56	1085030	4.4	4.595	4.37
2/27/2013	4.41	1328266	4.39	4.46	4.38
2/26/2013	4.46	1419991	4.5	4.5255	4.32
2/25/2013	4.48	2075999	4.42	4.575	4.35
2/22/2013	4.41	3506711	4.56	4.56	4.4
2/21/2013	4.65	1748710	4.71	4.71	4.62
2/20/2013	4.72	1904282	4.82	4.84	4.715
2/19/2013	4.8	2005759	4.74	4.81	4.69
2/15/2013	4.71	936110	4.75	4.75	4.67
2/14/2013	4.71	786823	4.72	4.76	4.7
2/13/2013	4.75	859967	4.68	4.75	4.65
2/12/2013	4.69	1046747	4.79	4.825	4.67
2/11/2013	4.77	1062859	4.75	4.84	4.7
2/8/2013	4.74	857917	4.7	4.75	4.67
2/7/2013	4.7	1056466	4.7	4.74	4.62
2/6/2013	4.7	1175817	4.76	4.81	4.66
2/5/2013	4.79	901319	4.74	4.82	4.71
2/4/2013	4.73	1615572	4.75	4.78	4.66
2/1/2013	4.765	1572121	4.69	4.82	4.66
1/31/2013	4.66	1115249	4.71	4.77	4.66
1/30/2013	4.74	1908337	4.77	4.8	4.69
1/29/2013	4.79	1149590	4.78	4.795	4.685
1/28/2013	4.76	1592447	4.8	4.85	4.72
1/25/2013	4.78	1776065	4.63	4.78	4.58
1/24/2013	4.59	1534230	4.61	4.73	4.57
1/23/2013	4.62	1021168	4.66	4.7	4.61
1/22/2013	4.65	926317	4.62	4.69	4.59
1/18/2013	4.63	1173783	4.66	4.729	4.58
1/17/2013	4.63	1695288	4.65	4.7	4.58
1/16/2013	4.64	997274	4.7	4.72	4.62
1/15/2013	4.72	1234464	4.65	4.74	4.61
1/14/2013	4.66	4313382	4.81	4.85	4.63
1/11/2013	4.82	1545021	4.89	4.92	4.79
1/10/2013	4.86	1475809	5.06	5.06	4.86
1/9/2013	5.03	1827503	4.88	5.06	4.83
1/8/2013	4.86	1067646	4.83	4.89	4.78
1/7/2013	4.82	957010	4.82	4.9	4.77
1/4/2013	4.83	1031937	4.87	4.94	4.81
1/3/2013	4.8	1383602	4.83	4.94	4.73
1/2/2013	4.83	2653847	4.7	4.84	4.58
12/31/2012	4.57	1666807	4.5	4.58	4.45
12/28/2012	4.51	1524808	4.5	4.58	4.49
12/27/2012	4.55	2003588	4.57	4.63	4.44
12/26/2012	4.59	1215336	4.58	4.64	4.5
12/24/2012	4.58	1169442	4.55	4.59	4.5
12/21/2012	4.59	3261015	4.73	4.73	4.5
12/20/2012	4.69	1534494	4.87	4.87	4.61
12/19/2012	4.67	1567107	4.83	4.85	4.65
12/18/2012	4.82	2660909	4.63	4.855	4.58
12/17/2012	4.6	1942919	4.72	4.74	4.55
12/14/2012	4.71	2528113	4.94	5	4.6
12/13/2012	5	3331562	4.91	5.12	4.9
12/12/2012	4.89	3727768	4.77	4.93	4.68
12/11/2012	4.74	2409378	4.54	4.75	4.46
12/10/2012	4.42	1605034	4.37	4.48	4.36
12/7/2012	4.37	1830072	4.31	4.54	4.3
12/6/2012	4.33	2293046	4.36	4.45	4.29
12/5/2012	4.36	4644603	4.54	4.56	4.3
12/4/2012	4.5399	5201194	4.55	4.65	4.42
12/3/2012	4.56	5872870	4.93	4.95	4.55
11/30/2012	4.88	8719652	5.11	5.1199	4.72
11/29/2012	5.24	3304675	5.3	5.3	5.09
11/28/2012	5.28	3479291	5.36	5.38	5.12
11/27/2012	5.32	3649237	5.27	5.39	5.2
11/26/2012	5.2	2464599	5.27	5.38	5.19
11/23/2012	5.27	1722507	5.27	5.38	5.12
11/21/2012	5.24	2654849	4.9	5.24	4.85
11/20/2012	4.91	2185591	4.83	4.94	4.8
11/19/2012	4.8223	1820980	4.78	4.95	4.72
11/16/2012	4.73	2834384	4.69	4.77	4.56
11/15/2012	4.71	2234316	5	5	4.7
11/14/2012	5.01	2266696	4.97	5.05	4.86
11/13/2012	4.9102	1563874	4.95	5.01	4.88
11/12/2012	4.96	2439068	4.9	5.025	4.775
11/9/2012	4.88	3630313	4.56	4.9	4.55
11/8/2012	4.58	4957118	4.7	4.8	4.5398
11/7/2012	4.71	3201924	4.82	4.83	4.65
11/6/2012	4.88	1235865	4.79	4.9	4.705
11/5/2012	4.7808	1408758	4.7	4.8	4.6
11/2/2012	4.7	1852607	4.82	4.82	4.66
11/1/2012	4.805	1893335	4.77	4.97	4.72
10/31/2012	4.74	2309532	4.81	4.85	4.56
10/26/2012	4.81	1152454	4.87	4.92	4.785
10/25/2012	4.86	1250335	4.78	4.87	4.72
10/24/2012	4.75	1304483	4.82	4.9199	4.68
10/23/2012	4.8	1604641	4.67	4.93	4.55
10/22/2012	4.73	2140666	4.69	4.73	4.54
10/19/2012	4.72	3556643	4.92	4.93	4.6
10/18/2012	4.94	2010982	4.98	5.085	4.9
10/17/2012	4.95	2259637	4.9	5.05	4.85
10/16/2012	4.86	1464009	4.86	4.94	4.81
10/15/2012	4.84	1206139	4.76	4.89	4.75
10/12/2012	4.75	1313108	4.8	4.85	4.7
10/11/2012	4.81	2837137	4.75	4.82	4.65
10/10/2012	4.72	4180767	4.76	4.7735	4.6
10/9/2012	4.765	2085841	4.86	4.865	4.65
10/8/2012	4.87	1140572	4.95	5.01	4.86
10/5/2012	4.98	1785633	4.82	5.06	4.81
10/4/2012	4.8	1395926	4.77	4.81	4.7
10/3/2012	4.76	1463768	4.83	4.84	4.7
10/2/2012	4.82	1403318	4.77	4.83	4.7
10/1/2012	4.75	2860013	4.9	5.09	4.71
9/28/2012	4.825	3102363	4.85	5.04	4.81
9/27/2012	4.91	5172161	4.6	5.08	4.44
9/26/2012	4.59	5760012	5.02	5.03	4.51
9/25/2012	4.98	4284707	5.45	5.49	4.87
9/24/2012	5.44	2422102	5.53	5.55	5.31
9/21/2012	5.555	6625473	5.4	5.56	5.36
9/20/2012	5.35	2114861	5.31	5.38	5.23
9/19/2012	5.35	2285720	5.34	5.4	5.29
9/18/2012	5.34	2298951	5.4	5.54	5.31
9/17/2012	5.42	4826267	5.25	5.44	5.21
9/14/2012	5.24	2496970	5.2	5.32	5.12
9/13/2012	5.135	2634893	5.14	5.3	5.05
9/12/2012	5.11	4495048	5.03	5.32	4.95
9/11/2012	5.03	1616137	4.93	5.1	4.9
9/10/2012	4.935	2272004	5.05	5.065	4.79
9/7/2012	5.08	3500728	4.97	5.12	4.92
9/6/2012	4.94	4526229	4.8	5	4.76
9/5/2012	4.75	8084300	4.7	4.83	4.67
9/4/2012	4.665	4717192	4.46	4.705	4.45
8/31/2012	4.43	7060198	4.38	4.45	4.27
8/30/2012	4.33	6283546	4.65	4.73	4.26
8/29/2012	4.59	4158968	4.41	4.6	4.405
8/28/2012	4.39	1865991	4.33	4.4	4.28
8/27/2012	4.31	1331468	4.31	4.35	4.25
8/24/2012	4.3	1216913	4.29	4.32	4.25
8/23/2012	4.29	1680718	4.35	4.38	4.25
8/22/2012	4.34	1724597	4.31	4.4	4.3
8/21/2012	4.3	2259358	4.33	4.41	4.25
8/20/2012	4.3	2572515	4.36	4.37	4.19
8/17/2012	4.38	2324388	4.4	4.41	4.31
8/16/2012	4.39	4399339	4.45	4.48	4.28
8/15/2012	4.44	1640048	4.38	4.47	4.37
8/14/2012	4.395	5330203	4.46	4.46	4.33
8/13/2012	4.47	5279244	4.46	4.55	4.42
8/10/2012	4.46	11615630	4.39	4.54	4.34
8/9/2012	4.34	55132130	4.34	4.57	4.3
8/8/2012	4.284	9939693	4.62	4.64	4.27
8/7/2012	4.58	5522724	4.85	4.8899	4.57
8/6/2012	4.85	7916700	4.99	5.2	4.84
8/3/2012	5.58	2934798	5.9	5.99	5.57
8/2/2012	5.92	2124040	6.04	6.05	5.77
8/1/2012	6.03	3160104	6.3	6.3	6.02
7/31/2012	6.25	2383360	6.44	6.48	6.23
7/30/2012	6.45	3283790	6.78	6.95	6.4
7/27/2012	6.4	1794646	6.19	6.44	6.18
7/26/2012	6.17	1262795	6.09	6.2	6.02
7/25/2012	5.99	1029397	5.96	6.06	5.8999
7/24/2012	5.89	1547408	6.16	6.17	5.86
7/23/2012	6.11	1774723	6.04	6.15	5.9
7/20/2012	6.17	1129909	6.12	6.22	6.05
7/19/2012	6.19	1287579	6.25	6.27	6.12
7/18/2012	6.2	1719034	6.07	6.37	6.02
7/17/2012	6.05	1224200	6.04	6.12	5.95
7/16/2012	6.01	1252283	5.93	6.07	5.9003
7/13/2012	5.985	1320650	5.92	6.05	5.9
7/12/2012	5.93	1397655	5.74	5.96	5.65
7/11/2012	5.82	1360665	5.73	5.865	5.66
7/10/2012	5.76	1027335	5.88	5.91	5.73
7/9/2012	5.8	1148072	5.83	5.94	5.78
7/6/2012	5.83	1376351	5.88	5.92	5.72
7/5/2012	5.91	1754636	5.89	6.07	5.88
7/3/2012	5.89	1324448	6.04	6.05	5.83
7/2/2012	6.02	1957421	5.56	6.02	5.51
6/29/2012	5.53	1138777	5.54	5.59	5.456
6/28/2012	5.46	2903551	5.47	5.52	5.33
6/27/2012	5.54	1766009	5.28	5.54	5.23
6/26/2012	5.26	884950	5.21	5.3	5.2
6/25/2012	5.2	918440	5.25	5.29	5.11
6/22/2012	5.3	1234495	5.25	5.31	5.2
6/21/2012	5.195	1412741	5.23	5.32	5.11
6/20/2012	5.21	1104838	5.09	5.28	5.03
6/19/2012	5.11	1099677	5.14	5.23	5.08
6/18/2012	5.13	1030008	5.1	5.19	5.05
6/15/2012	5.16	1509392	5.23	5.25	5.09
6/14/2012	5.195	2057056	5.1	5.22	5.03
6/13/2012	5.1	2953250	4.78	5.18	4.78
6/12/2012	4.8	940975	4.64	4.81	4.6
6/11/2012	4.62	1859503	5.05	5.05	4.61
6/8/2012	5	1207092	4.78	5	4.71
6/7/2012	4.8	1591234	4.93	4.99	4.79
6/6/2012	4.86	1436341	4.83	4.97	4.8
6/5/2012	4.77	1767771	4.53	4.8	4.485
6/4/2012	4.5	2444881	4.59	4.68	4.38
6/1/2012	4.475	1209419	4.51	4.59	4.4
5/31/2012	4.63	2441507	4.58	4.66	4.39
5/30/2012	4.59	2284100	4.66	4.8199	4.58
5/29/2012	4.62	1421805	4.62	4.69	4.475
5/25/2012	4.61	1123794	4.57	4.7	4.57
5/24/2012	4.58	805937	4.54	4.62	4.5
5/23/2012	4.57	1523633	4.59	4.67	4.46
5/22/2012	4.62	1461169	4.84	4.9	4.57
5/21/2012	4.83	1117309	4.62	4.835	4.62
5/18/2012	4.61	2012177	4.66	4.745	4.5799
5/17/2012	4.69	1626705	4.91	4.97	4.67
5/16/2012	4.92	957553	5.05	5.1	4.91
5/15/2012	4.99	938886	5.05	5.09	4.98
5/14/2012	5.06	989508	5.01	5.15	5
5/11/2012	5.1	1906033	5.08	5.26	5.04
5/10/2012	5.12	1231411	5.13	5.195	5.06
5/9/2012	5.11	2571872	4.77	5.14	4.77
5/8/2012	4.84	2059619	4.56	4.86	4.55
5/7/2012	4.58	1145734	4.49	4.7	4.45
5/4/2012	4.52	2338828	4.51	4.63	4.37
5/3/2012	4.58	1829711	4.72	4.89	4.55
5/2/2012	4.7	1102760	4.74	4.79	4.69
5/1/2012	4.72	2432655	4.8	4.88	4.72
4/30/2012	4.8	1680880	4.79	4.845	4.75
4/27/2012	4.8	1321803	4.75	4.83	4.67
4/26/2012	4.81	924925	4.82	4.86	4.79
4/25/2012	4.85	1497779	4.85	4.88	4.78
4/24/2012	4.78	1557246	4.82	4.89	4.77
4/23/2012	4.8	2091493	4.72	4.82	4.66
4/20/2012	4.83	2376205	4.88	4.9379	4.76
4/19/2012	4.675	3291576	4.66	4.83	4.66
4/18/2012	4.63	1135188	4.7	4.76	4.62
4/17/2012	4.75	1111564	4.73	4.84	4.69
4/16/2012	4.67	1404993	4.81	4.89	4.61
4/13/2012	4.77	1062904	4.98	4.99	4.76
4/12/2012	4.975	4398168	5.02	5.15	4.97
4/11/2012	5.015	1581236	4.9	5.02	4.85
4/10/2012	4.82	1944760	4.99	5.04	4.81
4/9/2012	4.97	1775579	4.95	5	4.83
4/5/2012	5.08	1716608	4.93	5.16	4.93
4/4/2012	4.96	2377191	5.01	5.02	4.88
4/3/2012	5.03	1698736	5.18	5.2499	5
4/2/2012	5.21	2040889	5.19	5.26	5.12
3/30/2012	5.18	2324614	5.32	5.32	5.15
3/29/2012	5.23	2059036	5.49	5.53	5.22
3/28/2012	5.56	2205766	5.69	5.79	5.36
3/27/2012	5.69	1211006	5.89	5.8999	5.68
3/26/2012	5.86	1314960	5.6	5.88	5.55
3/23/2012	5.54	1014659	5.49	5.57	5.43
3/22/2012	5.49	1402341	5.62	5.65	5.46
3/21/2012	5.65	1514641	5.42	5.66	5.41
3/20/2012	5.42	1304757	5.67	5.67	5.4
3/19/2012	5.7	1432375	5.65	5.7925	5.56
3/16/2012	5.64	2861228	5.47	5.68	5.425
3/15/2012	5.46	1349339	5.42	5.47	5.2756
3/14/2012	5.31	646672	5.31	5.36	5.24
3/13/2012	5.31	1017589	5.32	5.33	5.12
3/12/2012	5.26	1002219	5.28	5.31	5.16
3/9/2012	5.26	1437412	5.47	5.54	5.23
3/8/2012	5.48	1185039	5.28	5.58	5.26
3/7/2012	5.25	1030623	5.26	5.36	5.15
3/6/2012	5.2	1314007	5.33	5.39	5.08
3/5/2012	5.39	1698291	5.59	5.64	5.21
3/2/2012	5.6	1824821	5.63	5.74	5.57
3/1/2012	5.64	1457471	5.68	5.81	5.62
2/29/2012	5.68	3695416	5.92	5.99	5.63
2/28/2012	5.9	3385727	6.02	6.06	5.765
2/27/2012	5.99	2947373	5.82	6.08	5.7
2/24/2012	5.77	1239319	5.79	5.84	5.63
2/23/2012	5.76	1399651	5.56	5.79	5.54
2/22/2012	5.55	1777563	5.59	5.65	5.45
2/21/2012	5.62	1743114	5.81	5.88	5.55
2/17/2012	5.78	1016603	5.96	5.99	5.75
2/16/2012	5.92	1162004	5.83	5.99	5.75
2/15/2012	5.8	1285432	5.98	5.98	5.77
2/14/2012	5.95	2157714	6.23	6.24	5.83
2/13/2012	6.135	2871083	6.27	6.29	6.02
2/10/2012	6.14	10419200	5.66	6.27	5.6
2/9/2012	5.668	2650894	6.22	6.25	5.63
2/8/2012	6.14	2219302	6.41	6.48	6.06
2/7/2012	6.42	1925722	6.48	6.53	6.36
2/6/2012	6.47	1948105	6.34	6.5	6.2
2/3/2012	6.31	3786800	6.31	6.57	6.1
2/2/2012	5.995	2322087	5.7	6.01	5.65
2/1/2012	5.64	2003143	5.36	5.655	5.31
1/31/2012	5.32	1528838	5.34	5.39	5.15
1/30/2012	5.3	1686351	5.6	5.7	5.235
1/27/2012	5.62	2733409	5.49	5.93	5.3601
1/26/2012	5.4	2192158	5.02	5.42	5.02
1/25/2012	4.98	1098280	4.98	5.02	4.87
1/24/2012	4.91	770680	4.84	4.95	4.75
1/23/2012	4.87	1139683	5.06	5.08	4.81
1/20/2012	5	3747620	4.96	5.27	4.9
1/19/2012	4.96	477569	5	5.01	4.91
1/18/2012	4.99	1474611	4.95	5.0299	4.76
1/17/2012	4.95	1135946	4.95	5.07	4.9
1/13/2012	4.96	1035647	4.92	5.04	4.88
1/12/2012	5	1379854	5.18	5.18	4.9
1/11/2012	5.13	1518858	4.85	5.14	4.815
1/10/2012	4.87	754413	4.89	4.9	4.75
1/9/2012	4.81	872012	4.8	4.88	4.74
1/6/2012	4.79	1008774	4.65	4.85	4.62
1/5/2012	4.65	1760998	4.49	4.73	4.49
1/4/2012	4.49	843833	4.62	4.69	4.47
1/3/2012	4.66	960390	4.86	4.94	4.6
12/30/2011	4.735	995218	4.72	4.84	4.7
12/29/2011	4.75	1462682	4.82	4.87	4.7
12/28/2011	4.8	1424269	4.97	5	4.7
12/27/2011	4.96	2169117	4.6	5.1199	4.57
12/23/2011	4.64	637960	4.76	4.76	4.62
12/22/2011	4.76	1397917	4.59	4.76	4.45
12/21/2011	4.55	1746967	4.38	4.66	4.38
12/20/2011	4.37	1527674	4.34	4.4	4.28
12/19/2011	4.26	1617824	4.22	4.33	4.17
12/16/2011	4.18	2742083	4.15	4.35	4.11
12/15/2011	4.12	863259	4.15	4.18	4.1
12/14/2011	4.06	1163991	4.13	4.22	4.05
12/13/2011	4.19	1055784	4.43	4.43	4.18
12/12/2011	4.37	1472965	4.38	4.42	4.28
12/9/2011	4.45	1341769	4.26	4.48	4.24
12/8/2011	4.25	1621369	4.3	4.35	4.22
12/7/2011	4.28	1078901	4.14	4.28	4.11
12/6/2011	4.21	1165081	4.14	4.22	4.07
12/5/2011	4.15	1414996	4.25	4.28	4.07
12/2/2011	4.21	2122078	4.37	4.42	4.15
12/1/2011	4.54	1184417	4.52	4.65	4.44
11/30/2011	4.61	2264526	4.37	4.64	4.32
11/29/2011	4.14	2119072	4.15	4.2	4.04
11/28/2011	4.13	1650465	4.1	4.17	4.02
11/25/2011	3.95	441621	4	4.05	3.94
11/23/2011	4	857831	4.08	4.1	4
11/22/2011	4.13	805559	4.15	4.29	4.11
11/21/2011	4.14	1273741	4.05	4.17	4
11/18/2011	4.08	915505	4.2	4.23	4.06
11/17/2011	4.15	1465413	4.15	4.35	4.13
11/16/2011	4.16	1719102	4.19	4.35	4.16
11/15/2011	4.27	1119485	4.24	4.3	4.16
11/14/2011	4.26	1765645	4.44	4.44	4.17
11/11/2011	4.41	1182544	4.37	4.46	4.3156
11/10/2011	4.26	1865285	4.37	4.46	4.21
11/9/2011	4.26	2278405	4.2	4.44	4.17
11/8/2011	4.26	2846821	4.24	4.32	4.17
11/7/2011	4.17	4298566	4.29	4.3	4.02
11/4/2011	4.26	4292897	4.44	4.49	4.15
11/3/2011	4.53	3168439	4.46	4.62	4.34
11/2/2011	4.36	6134161	4.85	4.86	4.31
11/1/2011	4.62	12342700	4.81	4.95	4.53
10/31/2011	7.73	2698951	7.45	8.25	7.45
10/28/2011	7.6	1672883	7.73	7.84	7.43
10/27/2011	7.81	2301322	7.69	7.83	7.25
10/26/2011	7.32	1536438	7.43	7.5	6.82
10/25/2011	7.28	1911298	7.33	7.63	7.13
10/24/2011	7.44	5868374	7.15	7.53	6.86
10/21/2011	5.99	844749	5.63	6	5.63
10/20/2011	5.47	556621	5.56	5.5992	5.29
10/19/2011	5.57	647219	5.87	5.87	5.55
10/18/2011	5.87	800460	5.57	5.93	5.38
10/17/2011	5.55	1057735	5.88	6.045	5.51
10/14/2011	5.96	813600	5.72	6.01	5.64
10/13/2011	5.63	481359	5.6	5.69	5.43
10/12/2011	5.67	1018599	5.7	5.77	5.552
10/11/2011	5.63	675086	5.76	5.84	5.56
10/10/2011	5.85	658836	5.73	5.94	5.67
10/7/2011	5.58	1074784	5.89	5.89	5.56
10/6/2011	5.96	1112788	5.63	5.97	5.42
10/5/2011	5.66	989294	5.47	5.69	5.27
10/4/2011	5.475	1493788	4.82	5.51	4.82
10/3/2011	4.89	1342844	5.47	5.55	4.89
9/30/2011	5.46	908435	5.52	5.71	5.45
9/29/2011	5.67	1145407	5.7	5.8377	5.5
9/28/2011	5.5	1538618	6.03	6.18	5.47
9/27/2011	5.99	1799802	6.09	6.33	5.97
9/26/2011	6.04	1463732	6.24	6.33	5.79
9/23/2011	6.19	1094252	6.15	6.27	6.05
9/22/2011	6.15	2078195	5.96	6.43	5.79
9/21/2011	6.03	1767322	6.41	6.5	6
9/20/2011	6.44	2035448	6.99	7.02	6.36
9/19/2011	6.91	924839	6.75	7.09	6.7
9/16/2011	6.91	2628934	7.14	7.2189	6.32
9/15/2011	7.06	1678584	7.39	7.4	6.97
9/14/2011	7.28	1444229	7.41	7.74	7.27
9/13/2011	7.34	985210	7.07	7.4	7
9/12/2011	7.02	731297	6.84	7.14	6.77
9/9/2011	7.01	1065088	7.1	7.27	6.88
9/8/2011	7.21	1047024	7.3	7.52	7.0507
9/7/2011	7.4	1135488	6.91	7.41	6.81
9/6/2011	6.77	711933	6.51	6.78	6.44
9/2/2011	6.81	1037134	6.94	7.17	6.67
9/1/2011	7.16	750973	7.53	7.71	7.1
8/31/2011	7.48	1366513	7.51	7.87	7.33
8/30/2011	7.43	2119857	7.04	7.555	6.96
8/29/2011	7.09	1522595	6.54	7.1	6.53
8/26/2011	6.44	839969	5.97	6.45	5.86
8/25/2011	6.02	913192	6.4	6.4	6.01
8/24/2011	6.28	798629	6.26	6.43	6.05
8/23/2011	6.27	948868	5.86	6.27	5.75
8/22/2011	5.81	1362325	6.36	6.43	5.78
8/19/2011	6.15	1380606	6.05	6.33	5.902
8/18/2011	6.18	1657438	6.58	6.78	6.1
8/17/2011	6.67	723528	6.86	7	6.55
8/16/2011	6.82	1208164	7	7.06	6.65
8/15/2011	7.13	840090	6.91	7.14	6.85
8/12/2011	6.8	1077276	6.88	6.97	6.61
8/11/2011	6.72	1436988	6.69	6.89	6.35
8/10/2011	6.58	1593618	6.8	6.94	6.31
8/9/2011	7.03	2934160	6.16	7.03	5.71
8/8/2011	5.96	2160285	6.22	6.38	5.93
8/5/2011	6.74	2111612	7	7.08	6.12
8/4/2011	6.81	1895404	7.55	7.55	6.81
8/3/2011	7.66	756176	7.66	7.76	7.27
8/2/2011	7.62	1306496	7.86	8.12	7.61
8/1/2011	7.89	1427597	7.97	8.1	7.76
7/29/2011	7.7	1344442	7.68	8	7.52
7/28/2011	7.75	1217209	7.59	8.09	7.54
7/27/2011	7.6	1797683	7.8	7.86	7.13
7/26/2011	7.89	1038924	8.02	8.121	7.68
7/25/2011	8.07	937590	8.52	8.56	8.07
7/22/2011	8.68	343083	8.75	8.751	8.57
7/21/2011	8.7	550171	8.63	8.77	8.5
7/20/2011	8.55	494747	8.8	8.8192	8.47
7/19/2011	8.83	477904	8.6	8.88	8.57
7/18/2011	8.55	850079	8.83	8.95	8.41
7/15/2011	8.89	1013473	8.73	8.96	8.65
7/14/2011	8.71	694379	8.9	8.93	8.68
7/13/2011	8.87	922927	8.91	9.12	8.8
7/12/2011	8.84	1281638	8.59	9	8.51
7/11/2011	8.67	1095979	9	9.11	8.63
7/8/2011	9.12	521720	9.08	9.19	8.93
7/7/2011	9.22	1016791	9.19	9.24	9.05
7/6/2011	9.195	696804	9.08	9.2	9.02
7/5/2011	9.11	520416	9.15	9.23	9.06
7/1/2011	9.17	766103	9.01	9.22	8.91
6/30/2011	8.96	648180	9.16	9.24	8.95
6/29/2011	9.15	488190	9.09	9.24	8.94
6/28/2011	9.09	871424	9.04	9.09	8.99
6/27/2011	9	1099455	8.87	9.05	8.75
6/24/2011	8.74	2672002	8.9	8.9	8.66
6/23/2011	8.9	1248232	8.86	8.93	8.65
6/22/2011	8.96	807850	9.14	9.2	8.95
6/21/2011	9.23	1310289	9.25	9.42	9.11
6/20/2011	9.15	1581256	9.22	9.34	9.11
6/17/2011	9.35	2879156	9.44	9.61	9.26
6/16/2011	9.32	1317536	9.22	9.48	9.13
6/15/2011	9.23	1511944	9.12	9.42	9.01
6/14/2011	9.27	1528629	8.98	9.37	8.96
6/13/2011	8.87	1291302	9.11	9.28	8.8
6/10/2011	9.12	1894249	9.35	9.43	8.87
6/9/2011	9.4	1271354	9.5	9.9	9.28
6/8/2011	9.49	2318168	9.71	9.78	9.39
6/7/2011	9.76	5886392	9.02	10.17	8.99
6/6/2011	8.69	13832460	10.28	10.28	8.031
6/3/2011	10.89	1216486	10.81	11.15	10.79
6/2/2011	11.03	936919	11.12	11.34	10.85
6/1/2011	11.16	925287	11.63	11.68	11.14
5/31/2011	11.63	1601757	11.49	11.63	11.13
5/27/2011	11.32	637844	11.25	11.37	11.18
5/26/2011	11.17	1004966	10.88	11.21	10.8
5/25/2011	10.95	1283219	10.55	11	10.38
5/24/2011	10.59	1416508	11.15	11.27	10.57
5/23/2011	10.94	1019471	11.12	11.22	10.85
5/20/2011	11.34	1135805	11.64	11.74	11.27
5/19/2011	11.685	2071024	12.01	12.01	11.34
5/18/2011	11.66	1667107	11.2	11.72	11.03
5/17/2011	11.15	920558	10.88	11.2	10.81
5/16/2011	11	1532052	11	11.34	10.95
5/13/2011	10.945	1107699	10.96	11.19	10.82
5/12/2011	10.92	821965	10.77	11.05	10.58
5/11/2011	10.85	1123873	10.93	10.94	10.76
5/10/2011	10.99	1091071	11.11	11.16	10.9
5/9/2011	11.02	1103809	10.89	11.1	10.75
5/6/2011	10.95	1528229	10.86	11.01	10.77
5/5/2011	10.71	2208358	11	11	10.675
5/4/2011	11.12	2481608	11.55	11.66	11.06
5/3/2011	11.57	1829810	11.72	11.94	11.37
5/2/2011	11.82	2074266	12.18	12.29	11.7
4/29/2011	12.26	1405147	12.35	12.44	12.01
4/28/2011	12.36	891727	12.37	12.4	12.09
4/27/2011	12.37	1611391	12.4	12.61	11.95
4/26/2011	12.35	1458487	12.14	12.59	12.03
4/25/2011	12.08	1236086	11.81	12.24	11.81
4/21/2011	11.78	1080389	11.75	11.87	11.56
4/20/2011	11.65	1162788	11.39	11.74	11.21
4/19/2011	11.29	1189891	11.59	11.75	11.17
4/18/2011	11.65	994538	11.96	11.96	11.57
4/15/2011	11.96	1650678	12	12.04	11.87
4/14/2011	11.8	1981240	11.51	11.87	11.31
4/13/2011	11.54	1522775	11.74	11.74	11.15
4/12/2011	11.41	4422887	12.01	12.25	11.28
4/11/2011	11.05	1089089	11.14	11.23	11.015
4/8/2011	11.09	700448	11.1	11.25	10.94
4/7/2011	11	1454388	11.08	11.15	10.93
4/6/2011	11.1	2066501	11.42	11.42	10.98
4/5/2011	11.38	2840723	11.07	11.5	11
4/4/2011	11.12	1133056	11.5	11.5	11.07
4/1/2011	11.47	1614487	11.41	11.56	11.32
3/31/2011	11.33	3267283	11.3	11.36	11.08
3/30/2011	11.38	2270132	11.77	11.88	11.34
3/29/2011	11.82	1408270	11.4	11.83	11.37
3/28/2011	11.43	859256	11.56	11.63	11.38
3/25/2011	11.53	868549	11.81	11.87	11.53
3/24/2011	11.67	1389949	11.29	11.82	11.24
3/23/2011	11.25	1101262	11.27	11.33	11.03
3/22/2011	11.13	1492059	11.54	11.58	11.06
3/21/2011	11.55	1476688	11.44	11.65	11.38
3/18/2011	11.35	4547428	11.03	11.39	10.87
3/17/2011	10.9	1480824	10.99	11.09	10.88
3/16/2011	10.94	3804345	11.16	11.25	10.9
3/15/2011	11.15	1566212	10.83	11.24	10.82
3/14/2011	11.2	1424070	11.14	11.28	10.99
3/11/2011	11.24	1614208	11.12	11.49	11.1
3/10/2011	11.31	6142917	11.4	11.54	11.06
3/9/2011	11.28	1983478	11.28	11.54	11.03
3/8/2011	11.335	2790072	10.93	11.569	10.81
3/7/2011	11.34	3036791	11.79	11.948	10.94
3/4/2011	11.75	1663342	11.81	11.94	11.53
3/3/2011	11.84	2867711	12.5	12.82	11.76
3/2/2011	12.29	1776786	12.2	12.36	11.52
3/1/2011	11.83	1902911	12.48	12.71	11.68
2/28/2011	12.45	3387038	11.95	12.69	11.85
2/25/2011	11.82	1716390	11.62	11.85	11.48
2/24/2011	11.57	2390750	11.44	11.77	11.26
2/23/2011	11.52	7216581	10.51	12	10.4
2/22/2011	10.55	3090125	10.51	10.9	10.31
2/18/2011	10.76	7120580	10.6001	10.8	10.2302
2/17/2011	9.89	1920580	9.63	10.1	9.57
2/16/2011	9.69	3242799	9.65	10.21	9.46
2/15/2011	10.04	1384933	10.08	10.21	9.78
2/14/2011	10.09	4052857	9.94	10.85	9.82
2/11/2011	9.88	1313613	9.65	9.95	9.57
2/10/2011	9.67	1148077	9.67	9.88	9.4
2/9/2011	9.76	877313	9.97	9.9899	9.61
2/8/2011	9.9725	1044425	9.92	10	9.79
2/7/2011	9.92	1541121	9.77	10.12	9.76
2/4/2011	9.76	1146753	9.63	9.845	9.57
2/3/2011	9.66	1212564	9.5	9.84	9.35
2/2/2011	9.56	2050692	9.25	9.82	9
2/1/2011	9.26	1880335	8.67	9.46	8.51
1/31/2011	8.67	1421390	8.7	8.83	8.25
1/28/2011	8.62	2885141	8.97	8.97	8.37
1/27/2011	9.03	2700326	8.78	9.25	8.53
1/26/2011	8.81	4256836	7.99	8.88	7.87
1/25/2011	7.93	1050039	7.78	7.99	7.7
1/24/2011	7.8	1055825	7.47	7.93	7.47
1/21/2011	7.47	1089884	7.53	7.7	7.47
1/20/2011	7.46	1150867	7.15	7.5	7.1
1/19/2011	7.22	1296673	7.5	7.54	7.21
1/18/2011	7.54	1121835	7.69	7.75	7.4
1/14/2011	7.66	1205297	7.36	7.7	7.29
1/13/2011	7.36	1996073	7.76	7.78	7.3
1/12/2011	7.75	1241493	7.92	7.95	7.63
1/11/2011	7.86	1239275	7.97	8	7.75
1/10/2011	7.93	1280977	8.25	8.25	7.91
1/7/2011	8	1027144	8.2	8.25	7.805
1/6/2011	8.19	1279751	8	8.27	8
1/5/2011	7.96	1799961	7.75	8.06	7.65
1/4/2011	7.77	2731404	8.41	8.52	7.65
1/3/2011	8.495	1516164	8.32	8.77	8.32
12/31/2010	8.21	1383773	8.57	8.62	8.16
12/30/2010	8.59	628089	8.67	8.79	8.54
12/29/2010	8.71	620135	8.86	8.88	8.66
12/28/2010	8.85	984678	8.77	8.89	8.73
12/27/2010	8.78	794990	8.68	8.85	8.62
12/23/2010	8.72	1023284	8.75	8.9	8.65
12/22/2010	8.67	1585471	9.07	9.12	8.61
12/21/2010	9.08	2371470	8.71	9.2	8.6
12/20/2010	8.71	2034255	8.78	8.78	8.45
12/17/2010	8.78	4166604	8.2	8.85	8.01
12/16/2010	8.21	3237378	8.032	8.355	7.73
12/15/2010	8.21	5779022	7.16	8.27	7.12
12/14/2010	7.21	3293152	6.85	7.41	6.8
12/13/2010	6.81	2043064	6.7	6.85	6.58
12/10/2010	6.64	2430504	6.47	6.77	6.26
12/9/2010	6.51	4212968	5.86	6.6	5.8
12/8/2010	5.82	1061290	5.98	5.98	5.8
12/7/2010	5.93	1700979	6.02	6.085	5.87
12/6/2010	5.87	1104958	5.87	5.99	5.78
12/3/2010	5.9	1409656	5.84	5.96	5.65
12/2/2010	5.91	2242111	6	6.04	5.75
12/1/2010	5.97	1668502	5.9	6.08	5.8
11/30/2010	5.79	1829985	5.7	5.9	5.62
11/29/2010	5.71	1598650	5.83	5.89	5.63
11/26/2010	5.83	854017	5.79	5.98	5.78
11/24/2010	5.74	1724471	5.84	6	5.7
11/23/2010	5.69	1412283	5.8	5.9	5.67
11/22/2010	5.79	2820981	5.7	5.89	5.56
11/19/2010	5.56	4841642	6.15	6.15	5.53
11/18/2010	6.23	15559440	5.82	6.49	5.6
11/17/2010	4.72	1450116	4.41	4.72	4.41
11/16/2010	4.39	1201273	4.48	4.55	4.35
11/15/2010	4.52	1054401	4.34	4.57	4.3
11/12/2010	4.26	1185722	4.45	4.47	4.26
11/11/2010	4.51	1003761	4.43	4.56	4.335
11/10/2010	4.49	1623878	4.17	4.49	4.09
11/9/2010	4.14	966174	4.22	4.25	4.11
11/8/2010	4.2	986547	4.35	4.35	4.19
11/5/2010	4.36	785689	4.3	4.55	4.3
11/4/2010	4.45	822691	4.53	4.6	4.39
11/3/2010	4.48	803366	4.39	4.48	4.35
11/2/2010	4.37	1190206	4.19	4.41	4.19
11/1/2010	4.12	1489666	4.47	4.49	4.11
10/29/2010	4.47	561019	4.47	4.54	4.42
10/28/2010	4.51	599913	4.56	4.68	4.5
10/27/2010	4.49	871257	4.57	4.63	4.46
10/26/2010	4.62	887542	4.71	4.75	4.5
10/25/2010	4.75	652643	4.76	4.88	4.73
10/22/2010	4.73	463319	4.63	4.74	4.61
10/21/2010	4.62	1085965	4.8	4.82	4.52
10/20/2010	4.75	707960	4.66	4.82	4.61
10/19/2010	4.61	1300604	4.72	4.78	4.58
10/18/2010	4.81	1783340	4.6	4.99	4.5
10/15/2010	4.6	1533554	4.53	4.68	4.41
10/14/2010	4.45	687119	4.37	4.48	4.34
10/13/2010	4.39	871574	4.37	4.48	4.33
10/12/2010	4.33	850520	4.3	4.43	4.27
10/11/2010	4.27	2094159	4.48	4.58	4.26
10/8/2010	4.23	894662	4.04	4.27	4.02
10/7/2010	4.04	380074	4.03	4.09	4
10/6/2010	4	606953	4.08	4.11	4
10/5/2010	4.1	920155	4.03	4.11	3.89
10/4/2010	3.98	808960	3.94	3.99	3.84
10/1/2010	3.97	534335	3.97	4.01	3.88
9/30/2010	3.92	624342	3.99	4.01	3.88
9/29/2010	3.94	626233	3.96	4	3.865
9/28/2010	4	771539	4.07	4.08	3.95
9/27/2010	4.09	427248	4.18	4.2	4.08
9/24/2010	4.17	823247	4.11	4.19	4.025
9/23/2010	4.02	1043866	4.17	4.17	3.97
9/22/2010	4.2	1017977	4.26	4.29	4.18
9/21/2010	4.27	1109826	4.24	4.28	4.18
9/20/2010	4.21	1356861	4.03	4.21	3.96
9/17/2010	4	1655090	4	4.0199	3.83
9/16/2010	3.93	858726	4.01	4.05	3.91
9/15/2010	4	798909	3.99	4.07	3.88
9/14/2010	4.01	1192608	3.91	4.03	3.83
9/13/2010	3.92	968834	3.81	3.95	3.78
9/10/2010	3.77	1180334	3.6	3.8	3.6
9/9/2010	3.74	1938822	3.88	3.94	3.71
9/8/2010	3.74	1001058	3.6	3.76	3.6
9/7/2010	3.57	1489990	3.8	3.83	3.56
9/3/2010	3.8	2184284	3.55	3.82	3.48
9/2/2010	3.5	2096569	3.36	3.59	3.22
9/1/2010	3.32	2459900	3.25	3.34	3.08
8/31/2010	2.97	2494804	3.09	3.14	2.96
8/30/2010	3.1	1079402	3.29	3.31	3.1
8/27/2010	3.26	972972	3.28	3.3	3.16
8/26/2010	3.22	1113965	3.24	3.33	3.15
8/25/2010	3.005	664526	3.03	3.04	2.95
8/24/2010	3.07	1002665	2.98	3.11	2.96
8/23/2010	3.02	757473	3.13	3.1622	3.01
8/20/2010	3.12	794739	2.95	3.13	2.95
8/19/2010	2.98	1030537	3.2	3.23	2.96
8/18/2010	3.21	1404464	2.92	3.28	2.9
8/17/2010	2.89	494992	2.92	2.93	2.865
8/16/2010	2.9	485297	2.87	2.92	2.86
8/13/2010	2.88	608182	2.89	3	2.8635
8/12/2010	2.92	971582	3.01	3.05	2.89
8/11/2010	3.01	821977	3.07	3.09	3.01
8/10/2010	3.14	936104	3.22	3.26	3.11
8/9/2010	3.26	781236	3.13	3.28	3.09
8/6/2010	3.09	547750	3.07	3.22	3.07
8/5/2010	3.12	675109	3.22	3.3	3.1
8/4/2010	3.26	406460	3.2	3.27	3.19
8/3/2010	3.17	760671	3.18	3.3	3.15
8/2/2010	3.21	753909	3.19	3.28	3.16
7/30/2010	3.12	819638	3.06	3.24	3.06
7/29/2010	3.08	785096	3.24	3.36	3.08
7/28/2010	3.21	514808	3.23	3.38	3.17
7/27/2010	3.23	883335	3.41	3.5	3.21
7/26/2010	3.37	822515	3.21	3.38	3.19
7/23/2010	3.21	1099718	3.14	3.3014	3.05
7/22/2010	3.16	707377	3.14	3.19	3.12
7/21/2010	3.07	740026	3.2	3.24	3.04
7/20/2010	3.15	732837	3.13	3.23	3.1
7/19/2010	3.18	865253	3.14	3.24	3.1
7/16/2010	3.11	1431511	3.42	3.44	3.1
7/15/2010	3.46	527368	3.56	3.58	3.41
7/14/2010	3.53	683708	3.61	3.645	3.49
7/13/2010	3.62	1286439	3.5	3.64	3.48
7/12/2010	3.45	664440	3.62	3.63	3.45
7/9/2010	3.6	760039	3.64	3.67	3.5
7/8/2010	3.66	783336	3.64	3.69	3.51
7/7/2010	3.58	1139104	3.45	3.59	3.41
7/6/2010	3.4	1418329	3.72	3.76	3.39
7/2/2010	3.55	1991290	3.29	3.58	3.26
7/1/2010	3.28	1266803	3.34	3.3701	3.11
6/30/2010	3.47	1107460	3.61	3.69	3.47
6/29/2010	3.61	1108893	3.75	3.8	3.59
6/28/2010	3.86	843673	4	4.11	3.83
6/25/2010	4.01	3589859	3.78	4.02	3.725
6/24/2010	3.78	1108354	3.75	3.86	3.71
6/23/2010	3.77	2222225	3.65	3.86	3.62
6/22/2010	3.66	1643749	3.86	3.87	3.58
6/21/2010	3.84	4613007	4.45	4.5	3.71
6/18/2010	4.58	978621	4.74	4.77	4.58
6/17/2010	4.7	456520	4.75	4.75	4.58
6/16/2010	4.7	468777	4.8	4.84	4.7
6/15/2010	4.86	698550	4.75	4.86	4.71
6/14/2010	4.71	545298	4.9	4.9	4.69
6/11/2010	4.81	482056	4.78	4.82	4.6
6/10/2010	4.745	689551	4.67	4.76	4.62
6/9/2010	4.58	622163	4.75	4.84	4.56
6/8/2010	4.69	1008099	4.78	4.89	4.625
6/7/2010	4.81	1657175	5.1	5.2	4.81
6/4/2010	5.08	1543539	5.32	5.45	5.08
6/3/2010	5.54	2068265	5.13	5.62	5.13
6/2/2010	5.1	1849057	4.91	5.14	4.9
6/1/2010	4.89	943563	5.12	5.17	4.89
5/28/2010	5.18	836621	5.15	5.3	5.05
5/27/2010	5.17	1011972	5.07	5.17	4.98
5/26/2010	4.91	1248214	5.09	5.23	4.89
5/25/2010	5.05	1374319	4.87	5.09	4.77
5/24/2010	5.05	700445	5.08	5.2	4.99
5/21/2010	5.07	1872611	5.11	5.27	5.03
5/20/2010	5.22	1660432	5.43	5.47	5.19
5/19/2010	5.64	2253838	5.84	5.97	5.4
5/18/2010	5.92	1151978	6.06	6.06	5.86
5/17/2010	5.96	1330155	5.92	6.0699	5.8
5/14/2010	5.93	1619703	6.11	6.2	5.86
5/13/2010	6.14	1603589	6.27	6.35	6.07
5/12/2010	6.27	4097174	5.74	6.28	5.57
5/11/2010	5.33	1045030	5.25	5.46	5.14
5/10/2010	5.32	1509452	5.22	5.475	5.125
5/7/2010	4.89	1707997	5.17	5.24	4.8
5/6/2010	5.17	2267635	5.64	5.67	4.51
5/5/2010	5.66	1034655	5.74	5.795	5.52
5/4/2010	5.82	1737830	5.81	5.9	5.67
5/3/2010	5.91	1042299	5.79	5.95	5.74
4/30/2010	5.8	1052692	5.87	5.9	5.71
4/29/2010	5.9	1065369	5.88	5.9	5.76
4/28/2010	5.86	1206049	5.7	5.88	5.65
4/27/2010	5.68	1136756	5.77	5.861	5.62
4/26/2010	5.81	609978	5.9	5.98	5.81
4/23/2010	5.89	936978	5.93	6.02	5.84
4/22/2010	5.9	2234209	6.06	6.21	5.8675
4/21/2010	6.03	1136801	6.16	6.2	5.97
4/20/2010	6.14	1739026	5.91	6.15	5.85
4/19/2010	5.89	1369589	6	6.06	5.86
4/16/2010	6.03	1690371	6.28	6.28	5.96
4/15/2010	6.28	1027809	6.34	6.4	6.2
4/14/2010	6.34	691357	6.32	6.371	6.21
4/13/2010	6.26	807407	6.32	6.33	6.25
4/12/2010	6.31	823782	6.35	6.4	6.28
4/9/2010	6.32	675432	6.48	6.5	6.27
4/8/2010	6.48	1040923	6.54	6.55	6.27
4/7/2010	6.55	775717	6.67	6.68	6.5
4/6/2010	6.66	1168464	6.71	6.71	6.54
4/5/2010	6.55	1729185	6.99	7	6.5
4/1/2010	6.66	3861852	6.1	6.78	6.09
3/31/2010	6.07	1144537	5.98	6.21	5.95
3/30/2010	6.01	808563	6.02	6.19	6
3/29/2010	6.02	620422	6.01	6.1	5.96
3/26/2010	6.01	670869	6.05	6.2	5.96
3/25/2010	6.04	626955	6.11	6.26	6.04
3/24/2010	6.08	795525	6.15	6.23	6.01
3/23/2010	6.17	1029142	5.84	6.18	5.82
3/22/2010	5.82	1538537	5.81	6.07	5.7693
3/19/2010	5.84	6993546	6.25	6.3	5.82
3/18/2010	6.2	839444	6.29	6.34	6.17
3/17/2010	6.29	601353	6.3	6.35	6.26
3/16/2010	6.31	859223	6.34	6.54	6.27
3/15/2010	6.27	786774	6.42	6.51	6.22
3/12/2010	6.46	1886116	6.15	6.62	6.15
3/11/2010	6.12	2426593	6.19	6.385	6.12
3/10/2010	6.18	1964633	6.29	6.41	6.13
3/9/2010	6.31	2059094	6.82	6.86	6.22
3/8/2010	6.81	1109620	6.96	6.98	6.71
3/5/2010	6.96	584077	6.85	6.98	6.8
3/4/2010	6.82	264953	6.79	6.88	6.75
3/3/2010	6.79	444263	6.8	6.9	6.725
3/2/2010	6.76	1169929	6.83	6.895	6.71
3/1/2010	6.85	780971	6.52	6.86	6.52
2/26/2010	6.47	519963	6.38	6.5	6.32
2/25/2010	6.36	650049	6.42	6.45	6.28
2/24/2010	6.53	417244	6.53	6.66	6.48
2/23/2010	6.53	478752	6.66	6.66	6.44
2/22/2010	6.67	342648	6.75	6.7699	6.52
2/19/2010	6.75	459372	6.71	6.81	6.57
2/18/2010	6.71	412563	6.7	6.74	6.61
2/17/2010	6.7	549262	6.66	6.815	6.57
2/16/2010	6.62	591336	6.58	6.63	6.35
2/12/2010	6.55	530727	6.49	6.55	6.31
2/11/2010	6.57	643780	6.26	6.58	6.15
2/10/2010	6.3	338165	6.38	6.43	6.28
2/9/2010	6.42	743335	6.19	6.43	6.12
2/8/2010	6.1	383264	6.2	6.2315	6.09
2/5/2010	6.22	648874	6.15	6.26	6.01
2/4/2010	6.19	811156	6.65	6.66	6.16
2/3/2010	6.68	545275	6.62	6.76	6.51
2/2/2010	6.67	556397	6.57	6.71	6.45
2/1/2010	6.58	539881	6.65	6.68	6.44
1/29/2010	6.63	1033457	6.6	6.8	6.5
1/28/2010	6.56	745017	7	7.09	6.52
1/27/2010	6.97	873977	6.66	6.97	6.64
1/26/2010	6.69	985740	6.37	6.85	6.37
1/25/2010	6.36	840223	6.44	6.5	6.34
1/22/2010	6.38	550009	6.51	6.62	6.35
1/21/2010	6.51	621910	6.83	6.88	6.51
1/20/2010	6.8	774175	7.02	7.0475	6.75
1/19/2010	7.1	808826	6.78	7.115	6.78
1/15/2010	6.78	1050044	7.18	7.18	6.76
1/14/2010	7.14	361577	7.14	7.21	7.1
1/13/2010	7.16	466489	7.12	7.23	7.05
1/12/2010	7.07	797073	7.12	7.28	7.01
1/11/2010	7.16	474053	7.35	7.4	7.13
1/8/2010	7.31	1619559	7.22	7.32	7
1/7/2010	7.33	663037	7.38	7.44	7.32
1/6/2010	7.36	628814	7.39	7.46	7.35
1/5/2010	7.38	711737	7.47	7.53	7.37
1/4/2010	7.5	568862	7.48	7.532	7.41
12/31/2009	7.37	880229	7.54	7.56	7.37
12/30/2009	7.57	893706	7.76	7.76	7.53
12/29/2009	7.77	553781	7.3	7.88	7.3
12/28/2009	7.88	536314	8	8	7.82
12/24/2009	8	281945	7.9	8	7.81
12/23/2009	7.87	810424	7.86	7.89	7.72
12/22/2009	7.84	1114289	7.59	7.86	7.52
12/21/2009	7.54	1164201	7.19	7.6	7.15
12/18/2009	7.17	6112959	7.43	7.44	7.09
12/17/2009	7.34	1891771	7.58	7.58	7.25
12/16/2009	7.6	1263412	7.56	7.86	7.5
12/15/2009	7.51	801605	7.4	7.77	7.4
12/14/2009	7.73	710182	7.68	7.76	7.51
12/11/2009	7.65	1856255	7.27	7.87	7.2
12/10/2009	7.21	591405	7.19	7.292	7.1
12/9/2009	7.18	680425	7.15	7.27	7.03
12/8/2009	7.12	1126872	6.82	7.16	6.73
12/7/2009	6.89	465784	6.89	6.9999	6.8
12/4/2009	6.91	889886	7	7.09	6.83
12/3/2009	6.89	645623	7	7.12	6.88
12/2/2009	7	594724	6.96	7.01	6.9
12/1/2009	6.94	992019	6.91	6.96	6.82
11/30/2009	6.84	859050	6.63	6.85	6.54
11/27/2009	6.64	331818	6.61	6.86	6.61
11/25/2009	6.84	358009	6.86	6.91	6.82
11/24/2009	6.85	467333	6.84	6.855	6.6
11/23/2009	6.81	737827	6.78	6.92	6.7
11/20/2009	6.71	1137820	6.56	6.72	6.45
11/19/2009	6.63	1467553	6.87	6.87	6.5
11/18/2009	6.9	2350584	7.1	7.22	6.73
11/17/2009	7.69	993388	7.49	7.78	7.4
11/16/2009	7.49	1630084	7.29	8	7.16
11/13/2009	7.21	664929	7.21	7.21	7.12
11/12/2009	7.2	1098785	7.2	7.23	7.15
11/11/2009	7.19	1026690	7.25	7.25	7.1401
11/10/2009	7.16	1279693	7.08	7.24	6.96
11/9/2009	7.05	1681730	7.03	7.25	7.01
11/6/2009	6.8	754387	6.61	6.81	6.55
11/5/2009	6.71	1739934	6.59	6.738	6.46
11/4/2009	6.49	2357019	6.85	6.9	6.47
11/3/2009	6.79	1648324	6.29	6.79	6.28
11/2/2009	6.35	1499854	6.09	6.44	5.99
10/30/2009	6.08	2218848	5.71	6.35	5.65
10/29/2009	5.71	1272655	5.3	5.71	5.3
10/28/2009	5.33	797322	5.74	5.74	5.31
10/27/2009	5.77	580572	5.83	5.8901	5.69
10/26/2009	5.79	596581	5.86	6.05	5.68
10/23/2009	5.84	374051	6.05	6.09	5.81
10/22/2009	6	471492	5.94	6.09	5.81
10/21/2009	5.96	542678	6.05	6.27	5.93
10/20/2009	6.09	564141	6.43	6.44	6.04
10/19/2009	6.43	867344	6.28	6.5	6.25
10/16/2009	6.25	632664	6.26	6.3	6.11
10/15/2009	6.3	443579	6.24	6.39	6.22
10/14/2009	6.31	452921	6.31	6.38	6.179
10/13/2009	6.22	475304	6.33	6.42	6.06
10/12/2009	6.36	396772	6.48	6.48	6.33
10/9/2009	6.5	375068	6.43	6.5	6.37
10/8/2009	6.41	633295	6.48	6.56	6.39
10/7/2009	6.46	700131	6.35	6.49	6.35
10/6/2009	6.37	950971	6.21	6.38	6.07
10/5/2009	6.13	415720	6.01	6.15	5.96
10/2/2009	5.99	536003	5.92	6.14	5.9
10/1/2009	5.97	1150946	6.33	6.33	5.97
9/30/2009	6.38	799965	6.51	6.54	6.17
9/29/2009	6.49	424899	6.49	6.65	6.47
9/28/2009	6.5	566224	6.54	6.67	6.3115
9/25/2009	6.48	904915	6.31	6.85	6.28
9/24/2009	6.31	1210931	6.72	6.72	6.26
9/23/2009	6.71	695404	6.86	6.92	6.67
9/22/2009	6.85	697615	7.03	7.25	6.82
9/21/2009	6.99	915764	6.75	7.07	6.7
9/18/2009	6.81	1060973	6.79	6.92	6.6
9/17/2009	6.76	951489	6.7	6.92	6.65
9/16/2009	6.69	573685	6.27	6.74	6.04
9/15/2009	6.61	706456	6.53	6.68	6.48
9/14/2009	6.53	535661	6.32	6.55	6.22
9/11/2009	6.38	513703	6.44	6.5799	6.36
9/10/2009	6.44	481687	6.35	6.47	6.1816
9/9/2009	6.38	623859	6.24	6.46	6.17
9/8/2009	6.27	858526	6.26	6.33	6.16
9/4/2009	6.25	922847	6.09	6.25	5.96
9/3/2009	6.11	827921	6.12	6.18	5.9
9/2/2009	6.11	1946081	5.92	6.25	5.76
9/1/2009	5.96	2125506	5.73	6.19	5.72
8/31/2009	5.72	670226	5.66	5.72	5.56
8/28/2009	5.71	438385	5.89	5.89	5.62
8/27/2009	5.83	367601	5.82	5.84	5.6
8/26/2009	5.78	570069	5.73	5.95	5.73
8/25/2009	5.73	661964	5.69	5.88	5.6203
8/24/2009	5.67	410158	5.7	5.75	5.62
8/21/2009	5.69	646066	5.72	5.8	5.64
8/20/2009	5.66	374210	5.68	5.7	5.48
8/19/2009	5.71	605712	5.4	5.71	5.36
8/18/2009	5.49	429774	5.62	5.62	5.44
8/17/2009	5.6	719704	5.48	5.62	5.36
8/14/2009	5.61	555473	5.68	5.68	5.5
8/13/2009	5.7	681352	5.69	5.71	5.47
8/12/2009	5.62	762995	5.41	5.74	5.41
8/11/2009	5.39	544671	5.56	5.5997	5.35
8/10/2009	5.61	537602	5.51	5.63	5.46
8/7/2009	5.57	674662	5.56	5.69	5.45
8/6/2009	5.45	665209	5.64	5.6801	5.45
8/5/2009	5.63	641510	5.8	5.8	5.6
8/4/2009	5.81	719180	5.59	5.82	5.5
8/3/2009	5.65	1180830	5.35	5.65	5.33
7/31/2009	5.35	2139823	5.84	5.84	5.31
7/30/2009	5.9	1733487	5.9	5.97	5.69
7/29/2009	5.82	1133600	6	6.01	5.7
7/28/2009	5.87	1368713	5.68	6.0099	5.6101
7/27/2009	5.74	2710163	5.81	6.05	5.5
7/24/2009	5.74	3718370	5	5.85	5
7/23/2009	5.04	1219813	4.82	5.09	4.81
7/22/2009	4.81	591556	4.75	4.9197	4.7
7/21/2009	4.76	313018	4.82	4.82	4.67
7/20/2009	4.81	429827	4.78	4.89	4.7005
7/17/2009	4.76	991924	4.73	4.82	4.58
7/16/2009	4.72	633246	4.64	4.73	4.58
7/15/2009	4.65	772177	4.49	4.65	4.46
7/14/2009	4.49	263351	4.46	4.4999	4.45
7/13/2009	4.45	645200	4.31	4.45	4.25
7/10/2009	4.42	465045	4.36	4.445	4.33
7/9/2009	4.4	422601	4.46	4.5	4.36
7/8/2009	4.41	730372	4.57	4.63	4.36
7/7/2009	4.52	353915	4.56	4.62	4.51
7/6/2009	4.57	590365	4.7	4.79	4.52
7/2/2009	4.72	656656	4.82	4.9	4.71
7/1/2009	4.9	546991	4.9	4.95	4.8
6/30/2009	4.87	644913	4.99	5.03	4.85
6/29/2009	4.97	465004	5.05	5.07	4.9
6/26/2009	5.05	1315732	4.94	5.08	4.89
6/25/2009	4.99	901909	4.84	4.99	4.8
6/24/2009	4.86	797596	4.97	4.97	4.84
6/23/2009	4.87	593719	4.93	5	4.82
6/22/2009	4.96	1171061	5.06	5.1	4.94
6/19/2009	5.09	1663228	5	5.17	4.99
6/18/2009	4.92	980075	4.94	4.99	4.87
6/17/2009	4.93	1090490	4.98	5.01	4.875
6/16/2009	4.88	1339518	4.95	4.95	4.82
6/15/2009	4.86	1340996	4.97	5.01	4.8
6/12/2009	4.96	928494	4.95	5.03	4.872
6/11/2009	4.93	1901511	4.89	5.07	4.81
6/10/2009	4.71	1791752	4.89	4.9	4.57
6/9/2009	4.86	731441	4.92	4.97	4.77
6/8/2009	4.9	1044249	4.95	5.01	4.81
6/5/2009	4.98	886635	5.06	5.12	4.88
6/4/2009	5.03	1229118	5.15	5.17	4.96
6/3/2009	5.09	2341364	4.95	5.18	4.85
6/2/2009	5	2756232	5.13	5.2	4.95
6/1/2009	5.13	5141581	5.21	5.36	5.03
5/29/2009	5.55	7084828	5.54	5.74	5.36
5/28/2009	5.36	28260000	5.7	6.1	5.22
5/27/2009	4.51	439079	4.55	4.65	4.44
5/26/2009	4.57	721593	4.3	4.65	4.28
5/22/2009	4.4	539237	4.51	4.54	4.37
5/21/2009	4.49	950431	4.54	4.71	4.35
5/20/2009	4.58	671265	4.7	4.81	4.56
5/19/2009	4.67	807685	4.78	4.84	4.59
5/18/2009	4.75	1494359	4.79	4.88	4.52
5/15/2009	4.67	3756417	5.45	5.45	4.61
5/14/2009	4.42	716170	4.2	4.46	4.2
5/13/2009	4.16	1442448	4.42	4.435	4.09
5/12/2009	4.43	643828	4.75	4.75	4.42
5/11/2009	4.7	1087473	4.66	4.88	4.63
5/8/2009	4.79	990950	4.7	4.92	4.66
5/7/2009	4.59	1072826	4.65	4.797	4.46
5/6/2009	4.58	696088	4.94	5.04	4.57
5/5/2009	4.87	660491	4.89	4.99	4.79
5/4/2009	4.91	734229	4.94	4.99	4.86
5/1/2009	4.86	607206	4.9	5	4.77
4/30/2009	4.93	650694	5.03	5.18	4.93
4/29/2009	4.99	1023972	4.91	5.14	4.88
4/28/2009	4.83	846138	4.73	4.93	4.7
4/27/2009	4.78	701791	4.82	4.91	4.74
4/24/2009	4.94	639529	5.04	5.1201	4.92
4/23/2009	4.99	748129	5.17	5.26	4.95
4/22/2009	5.18	544103	5.16	5.4	5.15
4/21/2009	5.25	926950	5.04	5.42	4.98
4/20/2009	5.08	634771	5.24	5.32	5.03
4/17/2009	5.41	683125	5.26	5.5	5.01
4/16/2009	5.23	612770	5.2	5.31	5.03
4/15/2009	5.15	349922	4.93	5.16	4.92
4/14/2009	4.99	638444	4.88	5.13	4.8499
4/13/2009	4.99	496375	5	5.1	4.88
4/9/2009	5.09	651716	4.98	5.17	4.83
4/8/2009	4.87	675402	4.74	4.89	4.73
4/7/2009	4.71	492622	4.91	5.04	4.71
4/6/2009	4.99	766324	4.79	5.1	4.75
4/3/2009	4.86	467647	4.91	4.93	4.72
4/2/2009	4.91	1020337	4.71	4.91	4.6
4/1/2009	4.55	499136	4.39	4.62	4.39
3/31/2009	4.6	480290	4.59	4.76	4.53
3/30/2009	4.5	444562	4.5	4.61	4.4
3/27/2009	4.64	405433	4.79	4.8	4.64
3/26/2009	4.89	648038	4.9	4.99	4.76
3/25/2009	4.79	586600	4.69	4.84	4.48
3/24/2009	4.62	648008	4.88	4.95	4.62
3/23/2009	4.96	708465	4.73	4.96	4.65
3/20/2009	4.56	858653	4.64	4.95	4.56
3/19/2009	4.58	1021908	5.01	5.01	4.535
3/18/2009	4.95	1039334	4.88	5.02	4.73
3/17/2009	4.9	588402	4.63	4.91	4.55
3/16/2009	4.65	492689	4.9	5	4.65
3/13/2009	4.84	738446	4.96	4.99	4.809
3/12/2009	4.91	1267480	4.45	4.99	4.4
3/11/2009	4.47	845072	4.74	4.755	4.39
3/10/2009	4.54	831078	4.35	4.56	4.33
3/9/2009	4.22	1247401	4.27	4.38	4.18
3/6/2009	4.34	849154	4.39	4.5	4.31
3/5/2009	4.33	1126029	4.5	4.69	4.32
3/4/2009	4.63	1459429	4.47	4.73	4.35
3/3/2009	4.41	1846224	4.41	4.59	4.26
3/2/2009	4.33	1857223	4.2	5.1198	4.2
2/27/2009	4.32	799984	4.34	4.49	4.28
2/26/2009	4.42	940230	4.73	4.74	4.39
2/25/2009	4.65	726556	4.84	4.88	4.6
2/24/2009	4.82	1193601	4.69	4.895	4.57
2/23/2009	4.61	637849	4.68	4.76	4.6
2/20/2009	4.69	735636	4.72	4.9	4.6075
2/19/2009	4.78	657502	4.92	5.01	4.78
2/18/2009	4.85	593246	5.01	5.04	4.82
2/17/2009	4.97	479761	5	5.12	4.9003
2/13/2009	5.26	468864	5.56	5.56	5.2101
2/12/2009	5.54	408637	5.43	5.6	5.28
2/11/2009	5.53	469456	5.45	5.67	5.35
2/10/2009	5.49	715647	5.93	6.11	5.46
2/9/2009	6	551864	5.85	6.04	5.69
2/6/2009	5.85	932142	5.54	5.88	5.51
2/5/2009	5.56	683815	5.31	5.6	5.29
2/4/2009	5.38	669989	5.34	5.64	5.1201
2/3/2009	5.35	589649	5.2	5.41	5.09
2/2/2009	5.16	681464	4.82	5.21	4.82
1/30/2009	4.93	365754	5	5.14	4.88
1/29/2009	4.95	717547	5.23	5.25	4.88
1/28/2009	5.3	737104	5.02	5.3	4.95
1/27/2009	4.93	501298	4.69	5	4.5001
1/26/2009	4.68	727990	4.45	4.81	4.2601
1/23/2009	4.45	506054	4.31	4.64	4.3
1/22/2009	4.48	528302	4.49	4.62	4.3
1/21/2009	4.64	683903	4.27	4.7	4.24
1/20/2009	4.2	768523	4.66	4.7	4.2
1/16/2009	4.73	561895	4.64	4.76	4.46
1/15/2009	4.6	1818832	4.79	4.86	4.34
1/14/2009	4.79	435290	4.79	4.99	4.71
1/13/2009	4.9	605994	4.73	5.06	4.63
1/12/2009	4.75	672151	4.85	4.88	4.57
1/9/2009	4.85	614157	5.15	5.22	4.85
1/8/2009	5.17	551497	4.81	5.17	4.8
1/7/2009	4.93	710841	5.09	5.12	4.84
1/6/2009	5.21	765378	5.25	5.3	5.12
1/5/2009	5.16	516241	5.22	5.23	4.93
1/2/2009	5.22	398575	5.03	5.25	4.94
12/31/2008	5.02	754488	4.95	5.08	4.84
12/30/2008	4.92	776945	4.74	4.92	4.65
12/29/2008	4.66	427250	4.93	4.94	4.58
12/26/2008	4.93	290774	4.9	4.94	4.7
12/24/2008	4.87	202322	4.96	5.02	4.84
12/23/2008	4.94	627108	5.11	5.22	4.91
12/22/2008	5.08	1222404	5.22	5.35	4.8
12/19/2008	5.12	1629350	5.25	5.35	5.06
12/18/2008	5.11	993623	5.33	5.45	5.02
12/17/2008	5.29	1272728	4.95	5.5	4.9
12/16/2008	5.04	1699215	4.69	5.04	4.6601
12/15/2008	4.52	2227433	5.39	5.4	4.45
12/12/2008	4.95	5316096	4.5	5	4
12/11/2008	3.73	1011600	3.8	4.04	3.69
12/10/2008	3.8	786454	3.61	3.84	3.59
12/9/2008	3.55	804454	3.72	3.9	3.5
12/8/2008	3.7	873955	3.65	3.74	3.4801
12/5/2008	3.54	1003959	3.27	3.6	3.12
12/4/2008	3.34	1113771	3.39	3.64	3.11
12/3/2008	3.44	1055186	3.22	3.48	3.1
12/2/2008	3.3	1602505	2.91	3.4	2.8
12/1/2008	2.78	1225819	3	3.03	2.76
11/28/2008	3.09	188342	2.99	3.09	2.95
11/26/2008	3.03	643507	2.56	3.04	2.53
11/25/2008	2.62	1335894	2.91	2.97	2.5
11/24/2008	2.86	1500608	2.71	2.93	2.42
11/21/2008	2.4	2313732	2.76	2.92	2.11
11/20/2008	2.71	1497719	2.85	2.88	2.59
11/19/2008	2.88	680572	2.98	3.16	2.88
11/18/2008	2.98	824674	3	3.25	2.924
11/17/2008	3	861930	3.01	3.27	2.965
11/14/2008	3.05	593661	3.25	3.3	3.05
11/13/2008	3.31	733666	3.09	3.34	2.93
11/12/2008	3.07	976717	3.33	3.46	3.03
11/11/2008	3.37	947078	3.44	3.5	3.29
11/10/2008	3.46	992006	3.57	3.68	3.4
11/7/2008	3.49	789943	3.52	3.5497	3.4
11/6/2008	3.47	730073	3.38	3.495	3.37
11/5/2008	3.4	1076924	3.93	3.93	3.35
11/4/2008	3.8	921750	3.77	3.93	3.7
11/3/2008	3.72	938673	3.45	3.72	3.45
10/31/2008	3.44	1667326	3.33	3.47	3.29
10/30/2008	3.25	2110706	3.11	3.3	3.09
10/29/2008	2.96	2354584	3.02	3.18	2.89
10/28/2008	3.01	2519181	3.16	3.2	2.93
10/27/2008	3.03	1247778	3.48	3.53	3.03
10/24/2008	3.47	2455334	3.37	3.71	3.3
10/23/2008	3.53	3230719	4	4.18	3.36
10/22/2008	4.5	519409	4.46	4.715	4.4
10/21/2008	4.57	557797	4.67	4.95	4.55
10/20/2008	4.76	790604	4.5	4.76	4.4
10/17/2008	4.38	968722	4.31	4.67	3.66
10/16/2008	4.5	1416516	4.15	4.57	4.015
10/15/2008	4.15	762590	4.58	4.86	4.07
10/14/2008	4.65	1472825	5	5.21	4.37
10/13/2008	4.84	1674987	4.26	4.85	4.02
10/10/2008	4.01	2647609	3.53	4.01	3.11
10/9/2008	3.62	1741112	4.15	4.32	3.5991
10/8/2008	4.05	1147803	4.24	4.37	3.96
10/7/2008	4.27	1011872	4.85	5.1	4.26
10/6/2008	4.75	2066952	5.1	5.12	4.4
10/3/2008	5.14	1002341	5.53	5.58	5.12
10/2/2008	5.43	791356	5.88	5.94	5.43
10/1/2008	5.93	622237	6.02	6.05	5.83
9/30/2008	6.08	861653	6.14	6.26	5.96
9/29/2008	6.09	1146539	6.16	6.3	6.04
9/26/2008	6.27	1038215	6.03	6.36	6
9/25/2008	6.18	877728	6.03	6.33	6
9/24/2008	6	775073	6.18	6.25	6
9/23/2008	6.16	768947	6.41	6.59	6.15
9/22/2008	6.41	1727662	6.75	6.98	6.4
9/19/2008	6.81	2651510	7.04	7.35	6.65
9/18/2008	6.78	3110958	6.05	6.85	6.01
9/17/2008	6.2	1226721	6.63	6.63	6.1
9/16/2008	6.73	1344716	6.3	6.74	6.21
9/15/2008	6.39	1467205	6.1	6.5	6.06
9/12/2008	6.26	554824	6.27	6.32	6.05
9/11/2008	6.33	854323	6.22	6.38	6.03
9/10/2008	6.3	1139404	6.08	6.35	5.8
9/9/2008	5.94	1009647	6.05	6.32	5.94
9/8/2008	6.02	1220398	5.84	6.05	5.73
9/5/2008	5.64	1462851	5.7	5.7399	5.51
9/4/2008	5.71	1153049	5.85	5.87	5.68
9/3/2008	5.9	791595	5.66	5.9	5.54
9/2/2008	5.66	787079	5.86	5.95	5.535
8/29/2008	5.69	566087	5.84	5.87	5.65
8/28/2008	5.84	625874	5.54	5.84	5.54
8/27/2008	5.54	1051723	5.7	5.72	5.46
8/26/2008	5.71	684076	5.8	5.85	5.61
8/25/2008	5.72	659236	6.06	6.09	5.7
8/22/2008	6.04	912665	5.73	6.04	5.6399
8/21/2008	5.71	1490022	5.99	6	5.54
8/20/2008	6.05	1504948	6.11	6.1392	5.87
8/19/2008	6.11	673731	6.46	6.47	6.07
8/18/2008	6.46	948320	6.69	6.69	6.41
8/15/2008	6.66	904098	6.86	6.9	6.64
8/14/2008	6.78	693078	6.57	6.9	6.53
8/13/2008	6.63	946883	6.33	6.71	6.3
8/12/2008	6.33	814801	6.22	6.54	6.15
8/11/2008	6.24	1117802	5.83	6.29	5.78
8/8/2008	5.81	1186463	5.55	5.89	5.52
8/7/2008	5.59	2050767	5.85	5.88	5.57
8/6/2008	5.97	4473197	6.53	6.58	5.7
8/5/2008	7.11	1189130	7.08	7.15	6.958
8/4/2008	7	865797	7.1	7.11	6.84
8/1/2008	7.12	1122689	7.02	7.3	7
7/31/2008	7	1405968	6.57	7.24	6.57
7/30/2008	6.71	744311	6.74	6.81	6.56
7/29/2008	6.69	1045629	6.63	6.94	6.55
7/28/2008	6.61	690602	6.66	6.85	6.53
7/25/2008	6.67	574420	6.66	6.75	6.51
7/24/2008	6.6	763632	6.73	6.73	6.5
7/23/2008	6.7	1374685	6.54	6.72	6.45
7/22/2008	6.51	1703905	6.47	6.79	6.41
7/21/2008	6.43	1180358	6.19	6.52	6.19
7/18/2008	6.15	663499	6.16	6.22	6.06
7/17/2008	6.15	854987	6.15	6.2299	5.99
7/16/2008	6.1	1266618	5.92	6.23	5.81
7/15/2008	5.87	1593152	5.39	5.98	5.3
7/14/2008	5.47	1214795	5.46	5.55	5.37
7/11/2008	5.41	1285763	5.47	5.5	5.25
7/10/2008	5.53	1025699	5.53	5.74	5.45
7/9/2008	5.55	2160886	5.33	5.84	5.2
7/8/2008	5.32	2034307	4.69	5.35	4.67
7/7/2008	4.7	1003731	4.8	4.89	4.64
7/3/2008	4.8	610043	4.84	4.84	4.7
7/2/2008	4.83	1195761	4.81	4.94	4.75
7/1/2008	4.82	1372822	4.99	4.99	4.75
6/30/2008	5	1307647	5.07	5.155	4.93
6/27/2008	5.07	1970313	5.19	5.25	5
6/26/2008	5.22	933978	5.44	5.44	5.21
6/25/2008	5.52	575714	5.43	5.59	5.41
6/24/2008	5.41	954575	5.44	5.65	5.35
6/23/2008	5.47	1288032	5.68	5.85	5.42
6/20/2008	5.62	1392471	5.86	5.91	5.54
6/19/2008	5.93	1777815	5.86	5.94	5.8
6/18/2008	5.86	970911	5.83	5.97	5.75
6/17/2008	5.87	812928	5.9	6.02	5.87
6/16/2008	5.88	1184428	5.64	5.88	5.6
6/13/2008	5.65	603236	5.65	5.7	5.5601
6/12/2008	5.57	694010	5.49	5.65	5.45
6/11/2008	5.39	895783	5.65	5.67	5.39
6/10/2008	5.67	1058682	5.76	5.83	5.58
6/9/2008	5.78	1424310	6.08	6.08	5.75
6/6/2008	6	1662519	6.4	6.5	6
6/5/2008	6.5	1610883	6.31	6.73	6.28
6/4/2008	6.16	996111	6.01	6.27	6.01
6/3/2008	6.06	1661091	6.09	6.2	5.95
6/2/2008	6.11	1450312	6.45	6.49	6.05
5/30/2008	6.32	968996	6.32	6.36	6.21
5/29/2008	6.27	1067627	6.15	6.36	6.12
5/28/2008	6.16	416033	6.2	6.28	6.06
5/27/2008	6.17	462060	6.11	6.21	6.05
5/23/2008	6.11	620574	6.25	6.3	6.06
5/22/2008	6.25	677675	6.1	6.28	6.05
5/21/2008	6.09	701464	6.22	6.315	6.03
5/20/2008	6.22	1068544	6.21	6.35	6.135
5/19/2008	6.25	1419497	6.38	6.42	6.2
5/16/2008	6.35	1154838	6.63	6.63	6.32
5/15/2008	6.49	915074	6.63	6.65	6.43
5/14/2008	6.59	890984	6.51	6.73	6.51
5/13/2008	6.51	992603	6.76	6.76	6.45
5/12/2008	6.7	821218	6.82	6.87	6.66
5/9/2008	6.82	827305	6.67	6.83	6.55
5/8/2008	6.75	1519745	6.9	6.95	6.6
5/7/2008	6.9	2293802	7.73	7.76	6.76
5/6/2008	7.81	715808	7.89	7.96	7.76
5/5/2008	7.88	591553	8	8.1	7.77
5/2/2008	7.89	718451	8.03	8.15	7.85
5/1/2008	7.97	856465	7.58	7.99	7.58
4/30/2008	7.61	999278	7.77	7.83	7.52
4/29/2008	7.72	579788	7.97	7.97	7.62
4/28/2008	7.96	730018	7.99	8	7.87
4/25/2008	7.93	442485	7.96	7.99	7.68
4/24/2008	7.84	685726	7.8	8	7.54
4/23/2008	7.76	969241	7.53	7.83	7.49
4/22/2008	7.48	836026	7.78	7.81	7.34
4/21/2008	7.81	551801	7.6	7.85	7.52
4/18/2008	7.84	1048904	7.64	7.88	7.63
4/17/2008	7.47	746501	7.81	7.84	7.47
4/16/2008	7.83	947915	7.75	7.84	7.57
4/15/2008	7.69	1335814	7.35	7.7	7.33
4/14/2008	7.31	677636	7.21	7.38	7.11
4/11/2008	7.2	779697	7.4	7.5399	7.16
4/10/2008	7.46	1509014	7.2	7.69	7.16
4/9/2008	7.17	1448582	7.52	7.57	7.11
4/8/2008	7.49	971137	7.58	7.71	7.43
4/7/2008	7.68	1311044	7.83	7.88	7.5
4/4/2008	7.75	979163	7.48	7.88	7.35
4/3/2008	7.46	700165	7.31	7.58	7.25
4/2/2008	7.39	1086783	7.41	7.53	7.3
4/1/2008	7.38	1242663	6.9	7.4	6.9
3/31/2008	6.95	823421	6.97	7.08	6.8
3/28/2008	6.77	948699	6.79	7.11	6.69
3/27/2008	6.75	974499	6.7	6.88	6.61
3/26/2008	6.66	786484	6.55	6.7399	6.51
3/25/2008	6.59	1303149	6.51	6.69	6.44
3/24/2008	6.49	1754291	6	6.52	5.98
3/20/2008	5.94	1953110	5.88	5.96	5.69
3/19/2008	5.79	1459732	6	6.03	5.66
3/18/2008	5.87	1238341	5.6	5.94	5.6
3/17/2008	5.52	1607635	5.86	5.87	5.45
3/14/2008	5.95	5084070	6.42	6.82	5.33
3/13/2008	5.49	1478470	5.31	5.51	5.18
3/12/2008	5.31	2404382	5.5	5.5	5.23
3/11/2008	5.25	3627388	5.685	5.75	5.15
3/10/2008	5.25	3979983	5.85	5.9	4.81
3/7/2008	5.82	1399988	5.9	6	5.67
3/6/2008	5.9	800828	6.2	6.35	5.9
3/5/2008	6.2199	915908	6.33	6.4	6.18
3/4/2008	6.31	1009903	6.31	6.42	6.2
3/3/2008	6.36	1279825	6.62	6.62	6.19
2/29/2008	6.38	1243872	6.65	6.65	6.36
2/28/2008	6.72	1384364	6.49	6.78	6.39
2/27/2008	6.45	2225907	6.44	6.69	6.35
2/26/2008	6.3	1732423	6.16	6.49	6.05
2/25/2008	6.16	1958086	5.81	6.28	5.72
2/22/2008	5.79	964289	6.02	6.17	5.75
2/21/2008	5.98	1231802	6.32	6.42	5.96
2/20/2008	6.26	1401118	6.24	6.49	6.2
2/19/2008	6.45	1021461	6.9	6.9	6.44
2/15/2008	6.76	1797980	6.77	6.98	6.7
2/14/2008	6.75	1020703	7.01	7.13	6.73
2/13/2008	7	1093198	7.06	7.49	6.93
2/12/2008	6.98	806170	6.74	7.15	6.74
2/11/2008	6.69	767742	6.8	6.83	6.62
2/8/2008	6.77	479394	6.87	6.98	6.69
2/7/2008	6.91	770005	6.72	6.97	6.6501
2/6/2008	6.74	857338	7.05	7.07	6.74
2/5/2008	6.98	651417	7.26	7.35	6.96
2/4/2008	7.42	421592	7.44	7.54	7.29
2/1/2008	7.45	582331	7.33	7.57	7.2
1/31/2008	7.32	1300997	7.28	7.43	7.09
1/30/2008	7.39	764734	7.46	7.75	7.38
1/29/2008	7.5	1029011	7.36	7.6099	7.21
1/28/2008	7.29	856210	6.92	7.31	6.85
1/25/2008	6.95	733769	6.98	7.17	6.858
1/24/2008	6.85	1098705	7.46	7.49	6.85
1/23/2008	7.46	925558	7.25	7.48	6.7601
1/22/2008	7.4	596152	7.11	7.74	7
1/18/2008	7.51	1103967	7.88	8.04	7.45
1/17/2008	8.01	684265	8.13	8.22	7.94
1/16/2008	8.12	1445268	8	8.32	7.37
1/15/2008	8.05	759574	8.33	8.4	8.03
1/14/2008	8.43	447996	8.39	8.5	8.23
1/11/2008	8.32	568246	8.55	8.6	8.25
1/10/2008	8.6	719393	8.3	8.75	8.14
1/9/2008	8.36	634975	8.26	8.38	8
1/8/2008	8.28	707374	8.48	8.72	8.26
1/7/2008	8.43	1123188	8.25	8.67	8.23
1/4/2008	8.19	673080	8.51	8.88	8.08
1/3/2008	8.58	693108	8.76	8.86	8.49
1/2/2008	8.74	822991	8.6	8.95	8.6
12/31/2007	8.63	649966	8.8	8.86	8.56
12/28/2007	8.87	472006	9.03	9.11	8.76
12/27/2007	8.93	439889	9.28	9.38	8.93
12/26/2007	9.18	610364	9.14	9.28	9.11
12/24/2007	9.26	381253	9.28	9.3	9.09
12/21/2007	9.24	1943650	9.35	9.47	9.12
12/20/2007	9.21	803773	9.1	9.24	8.97
12/19/2007	9.12	1199723	9.37	9.4	8.93
12/18/2007	9.41	1656957	9.6	9.67	9.23
12/17/2007	9.49	1020900	9.83	9.89	9.29
12/14/2007	9.61	2611812	9.52	9.84	9.27
12/13/2007	8.86	672980	8.79	8.95	8.62
12/12/2007	8.88	1222665	8.86	8.99	8.66
12/11/2007	8.6	1638497	8.89	9	8.58
